"Barcode";"WellRow";"WellColumn";"ReadoutValue";"BackgroundValue"
"201904190a";"A";1;91463;570
"201904190a";"B";1;126457;570
"201904190a";"C";1;91453;570
"201904190a";"D";1;126453;570
"201904190a";"E";1;91457;570
"201904190a";"F";1;126451;570
"201904190a";"G";1;91455;570
"201904190a";"H";1;126459;570
"201904190a";"I";1;91457;570
"201904190a";"J";1;126453;570
"201904190a";"K";1;91451;570
"201904190a";"L";1;126452;570
"201904190a";"M";1;91453;570
"201904190a";"N";1;126446;570
"201904190a";"O";1;91454;570
"201904190a";"P";1;126456;570
"201904190a";"A";2;158176;570
"201904190a";"B";2;76154;570
"201904190a";"C";2;158179;570
"201904190a";"D";2;76154;570
"201904190a";"E";2;158181;570
"201904190a";"F";2;76152;570
"201904190a";"G";2;158186;570
"201904190a";"H";2;76154;570
"201904190a";"I";2;158182;570
"201904190a";"J";2;76163;570
"201904190a";"K";2;158179;570
"201904190a";"L";2;76152;570
"201904190a";"M";2;158184;570
"201904190a";"N";2;76156;570
"201904190a";"O";2;158180;570
"201904190a";"P";2;76154;570
"201904190a";"A";3;91452;570
"201904190a";"B";3;126448;570
"201904190a";"C";3;91461;570
"201904190a";"D";3;126449;570
"201904190a";"E";3;91459;570
"201904190a";"F";3;126448;570
"201904190a";"G";3;91451;570
"201904190a";"H";3;126457;570
"201904190a";"I";3;91463;570
"201904190a";"J";3;126457;570
"201904190a";"K";3;91462;570
"201904190a";"L";3;126456;570
"201904190a";"M";3;91457;570
"201904190a";"N";3;126460;570
"201904190a";"O";3;91453;570
"201904190a";"P";3;126457;570
"201904190a";"A";4;158189;570
"201904190a";"B";4;76156;570
"201904190a";"C";4;158183;570
"201904190a";"D";4;76153;570
"201904190a";"E";4;158190;570
"201904190a";"F";4;76152;570
"201904190a";"G";4;158189;570
"201904190a";"H";4;76159;570
"201904190a";"I";4;158184;570
"201904190a";"J";4;76160;570
"201904190a";"K";4;158186;570
"201904190a";"L";4;76160;570
"201904190a";"M";4;158188;570
"201904190a";"N";4;76153;570
"201904190a";"O";4;158180;570
"201904190a";"P";4;76157;570
"201904190a";"A";5;91457;570
"201904190a";"B";5;126455;570
"201904190a";"C";5;91454;570
"201904190a";"D";5;126447;570
"201904190a";"E";5;91463;570
"201904190a";"F";5;126455;570
"201904190a";"G";5;91460;570
"201904190a";"H";5;126455;570
"201904190a";"I";5;91452;570
"201904190a";"J";5;126458;570
"201904190a";"K";5;91458;570
"201904190a";"L";5;126448;570
"201904190a";"M";5;91451;570
"201904190a";"N";5;126460;570
"201904190a";"O";5;91450;570
"201904190a";"P";5;126458;570
"201904190a";"A";6;158191;570
"201904190a";"B";6;76158;570
"201904190a";"C";6;158190;570
"201904190a";"D";6;76162;570
"201904190a";"E";6;158181;570
"201904190a";"F";6;76150;570
"201904190a";"G";6;158182;570
"201904190a";"H";6;76163;570
"201904190a";"I";6;158190;570
"201904190a";"J";6;76163;570
"201904190a";"K";6;158182;570
"201904190a";"L";6;76152;570
"201904190a";"M";6;158190;570
"201904190a";"N";6;76155;570
"201904190a";"O";6;158182;570
"201904190a";"P";6;76162;570
"201904190a";"A";7;91454;570
"201904190a";"B";7;126459;570
"201904190a";"C";7;91454;570
"201904190a";"D";7;126449;570
"201904190a";"E";7;91453;570
"201904190a";"F";7;126458;570
"201904190a";"G";7;91453;570
"201904190a";"H";7;126446;570
"201904190a";"I";7;91456;570
"201904190a";"J";7;126458;570
"201904190a";"K";7;91449;570
"201904190a";"L";7;126448;570
"201904190a";"M";7;91464;570
"201904190a";"N";7;126449;570
"201904190a";"O";7;91459;570
"201904190a";"P";7;126451;570
"201904190a";"A";8;158186;570
"201904190a";"B";8;76150;570
"201904190a";"C";8;158183;570
"201904190a";"D";8;76156;570
"201904190a";"E";8;158183;570
"201904190a";"F";8;76156;570
"201904190a";"G";8;158182;570
"201904190a";"H";8;76161;570
"201904190a";"I";8;158182;570
"201904190a";"J";8;76155;570
"201904190a";"K";8;158191;570
"201904190a";"L";8;76162;570
"201904190a";"M";8;158177;570
"201904190a";"N";8;76160;570
"201904190a";"O";8;158183;570
"201904190a";"P";8;76165;570
"201904190a";"A";9;91457;570
"201904190a";"B";9;126453;570
"201904190a";"C";9;91463;570
"201904190a";"D";9;126455;570
"201904190a";"E";9;91459;570
"201904190a";"F";9;126447;570
"201904190a";"G";9;91451;570
"201904190a";"H";9;126457;570
"201904190a";"I";9;91461;570
"201904190a";"J";9;126450;570
"201904190a";"K";9;91459;570
"201904190a";"L";9;126454;570
"201904190a";"M";9;91451;570
"201904190a";"N";9;126447;570
"201904190a";"O";9;91458;570
"201904190a";"P";9;126454;570
"201904190a";"A";10;158185;570
"201904190a";"B";10;76162;570
"201904190a";"C";10;158180;570
"201904190a";"D";10;76165;570
"201904190a";"E";10;158177;570
"201904190a";"F";10;76161;570
"201904190a";"G";10;158191;570
"201904190a";"H";10;76164;570
"201904190a";"I";10;158178;570
"201904190a";"J";10;76157;570
"201904190a";"K";10;158185;570
"201904190a";"L";10;76162;570
"201904190a";"M";10;158178;570
"201904190a";"N";10;76154;570
"201904190a";"O";10;158188;570
"201904190a";"P";10;76152;570
"201904190a";"A";11;91462;570
"201904190a";"B";11;126460;570
"201904190a";"C";11;91463;570
"201904190a";"D";11;126451;570
"201904190a";"E";11;91461;570
"201904190a";"F";11;126460;570
"201904190a";"G";11;91458;570
"201904190a";"H";11;126451;570
"201904190a";"I";11;91454;570
"201904190a";"J";11;126458;570
"201904190a";"K";11;91450;570
"201904190a";"L";11;126454;570
"201904190a";"M";11;91458;570
"201904190a";"N";11;126453;570
"201904190a";"O";11;91452;570
"201904190a";"P";11;126452;570
"201904190a";"A";12;158176;570
"201904190a";"B";12;76159;570
"201904190a";"C";12;158180;570
"201904190a";"D";12;76164;570
"201904190a";"E";12;158186;570
"201904190a";"F";12;76158;570
"201904190a";"G";12;158182;570
"201904190a";"H";12;76159;570
"201904190a";"I";12;158177;570
"201904190a";"J";12;76158;570
"201904190a";"K";12;158184;570
"201904190a";"L";12;76159;570
"201904190a";"M";12;158179;570
"201904190a";"N";12;76162;570
"201904190a";"O";12;158180;570
"201904190a";"P";12;76159;570
"201904190a";"A";13;91455;570
"201904190a";"B";13;126450;570
"201904190a";"C";13;91464;570
"201904190a";"D";13;126458;570
"201904190a";"E";13;91461;570
"201904190a";"F";13;126452;570
"201904190a";"G";13;91464;570
"201904190a";"H";13;126460;570
"201904190a";"I";13;91455;570
"201904190a";"J";13;126447;570
"201904190a";"K";13;91456;570
"201904190a";"L";13;126449;570
"201904190a";"M";13;91464;570
"201904190a";"N";13;126459;570
"201904190a";"O";13;91462;570
"201904190a";"P";13;126448;570
"201904190a";"A";14;158191;570
"201904190a";"B";14;76161;570
"201904190a";"C";14;158186;570
"201904190a";"D";14;76161;570
"201904190a";"E";14;158190;570
"201904190a";"F";14;76161;570
"201904190a";"G";14;158185;570
"201904190a";"H";14;76155;570
"201904190a";"I";14;158190;570
"201904190a";"J";14;76156;570
"201904190a";"K";14;158178;570
"201904190a";"L";14;76161;570
"201904190a";"M";14;158179;570
"201904190a";"N";14;76151;570
"201904190a";"O";14;158190;570
"201904190a";"P";14;76164;570
"201904190a";"A";15;91460;570
"201904190a";"B";15;126450;570
"201904190a";"C";15;91460;570
"201904190a";"D";15;126456;570
"201904190a";"E";15;91463;570
"201904190a";"F";15;126451;570
"201904190a";"G";15;91462;570
"201904190a";"H";15;126451;570
"201904190a";"I";15;91454;570
"201904190a";"J";15;126458;570
"201904190a";"K";15;91454;570
"201904190a";"L";15;126450;570
"201904190a";"M";15;91462;570
"201904190a";"N";15;126454;570
"201904190a";"O";15;91454;570
"201904190a";"P";15;126449;570
"201904190a";"A";16;158180;570
"201904190a";"B";16;76151;570
"201904190a";"C";16;158189;570
"201904190a";"D";16;76152;570
"201904190a";"E";16;158186;570
"201904190a";"F";16;76159;570
"201904190a";"G";16;158181;570
"201904190a";"H";16;76159;570
"201904190a";"I";16;158185;570
"201904190a";"J";16;76161;570
"201904190a";"K";16;158183;570
"201904190a";"L";16;76151;570
"201904190a";"M";16;158176;570
"201904190a";"N";16;76163;570
"201904190a";"O";16;158187;570
"201904190a";"P";16;76155;570
"201904190a";"A";17;91462;570
"201904190a";"B";17;126458;570
"201904190a";"C";17;91452;570
"201904190a";"D";17;126450;570
"201904190a";"E";17;91464;570
"201904190a";"F";17;126457;570
"201904190a";"G";17;91463;570
"201904190a";"H";17;126459;570
"201904190a";"I";17;91463;570
"201904190a";"J";17;126449;570
"201904190a";"K";17;91457;570
"201904190a";"L";17;126455;570
"201904190a";"M";17;91457;570
"201904190a";"N";17;126456;570
"201904190a";"O";17;91454;570
"201904190a";"P";17;126457;570
"201904190a";"A";18;158191;570
"201904190a";"B";18;76162;570
"201904190a";"C";18;158177;570
"201904190a";"D";18;76155;570
"201904190a";"E";18;158190;570
"201904190a";"F";18;76152;570
"201904190a";"G";18;158180;570
"201904190a";"H";18;76162;570
"201904190a";"I";18;158179;570
"201904190a";"J";18;76158;570
"201904190a";"K";18;158183;570
"201904190a";"L";18;76154;570
"201904190a";"M";18;158189;570
"201904190a";"N";18;76156;570
"201904190a";"O";18;158188;570
"201904190a";"P";18;76152;570
"201904190a";"A";19;91455;570
"201904190a";"B";19;126446;570
"201904190a";"C";19;91454;570
"201904190a";"D";19;126459;570
"201904190a";"E";19;91464;570
"201904190a";"F";19;126449;570
"201904190a";"G";19;91457;570
"201904190a";"H";19;126459;570
"201904190a";"I";19;91451;570
"201904190a";"J";19;126454;570
"201904190a";"K";19;91461;570
"201904190a";"L";19;126455;570
"201904190a";"M";19;91451;570
"201904190a";"N";19;126460;570
"201904190a";"O";19;91457;570
"201904190a";"P";19;126454;570
"201904190a";"A";20;158176;570
"201904190a";"B";20;76165;570
"201904190a";"C";20;158181;570
"201904190a";"D";20;76160;570
"201904190a";"E";20;158185;570
"201904190a";"F";20;76163;570
"201904190a";"G";20;158190;570
"201904190a";"H";20;76153;570
"201904190a";"I";20;158188;570
"201904190a";"J";20;76158;570
"201904190a";"K";20;158185;570
"201904190a";"L";20;76164;570
"201904190a";"M";20;158189;570
"201904190a";"N";20;76154;570
"201904190a";"O";20;158184;570
"201904190a";"P";20;76164;570
"201904190a";"A";21;91462;570
"201904190a";"B";21;126451;570
"201904190a";"C";21;91458;570
"201904190a";"D";21;126455;570
"201904190a";"E";21;91456;570
"201904190a";"F";21;126457;570
"201904190a";"G";21;91458;570
"201904190a";"H";21;126451;570
"201904190a";"I";21;91449;570
"201904190a";"J";21;126460;570
"201904190a";"K";21;91458;570
"201904190a";"L";21;126460;570
"201904190a";"M";21;91453;570
"201904190a";"N";21;126458;570
"201904190a";"O";21;91461;570
"201904190a";"P";21;126448;570
"201904190a";"A";22;158181;570
"201904190a";"B";22;76150;570
"201904190a";"C";22;158180;570
"201904190a";"D";22;76163;570
"201904190a";"E";22;158184;570
"201904190a";"F";22;76161;570
"201904190a";"G";22;158188;570
"201904190a";"H";22;76156;570
"201904190a";"I";22;158191;570
"201904190a";"J";22;76156;570
"201904190a";"K";22;158184;570
"201904190a";"L";22;76159;570
"201904190a";"M";22;158189;570
"201904190a";"N";22;76153;570
"201904190a";"O";22;158188;570
"201904190a";"P";22;76153;570
"201904190a";"A";23;91458;570
"201904190a";"B";23;126457;570
"201904190a";"C";23;91454;570
"201904190a";"D";23;126460;570
"201904190a";"E";23;91460;570
"201904190a";"F";23;126451;570
"201904190a";"G";23;91463;570
"201904190a";"H";23;126456;570
"201904190a";"I";23;91459;570
"201904190a";"J";23;126448;570
"201904190a";"K";23;91464;570
"201904190a";"L";23;126461;570
"201904190a";"M";23;91460;570
"201904190a";"N";23;126453;570
"201904190a";"O";23;91459;570
"201904190a";"P";23;126454;570
"201904190a";"A";24;158191;570
"201904190a";"B";24;76163;570
"201904190a";"C";24;158189;570
"201904190a";"D";24;76160;570
"201904190a";"E";24;158180;570
"201904190a";"F";24;76157;570
"201904190a";"G";24;158182;570
"201904190a";"H";24;76152;570
"201904190a";"I";24;158188;570
"201904190a";"J";24;76164;570
"201904190a";"K";24;158190;570
"201904190a";"L";24;76156;570
"201904190a";"M";24;158187;570
"201904190a";"N";24;76159;570
"201904190a";"O";24;158179;570
"201904190a";"P";24;76157;570
"201904190b";"A";1;61367;332
"201904190b";"B";1;67905;332
"201904190b";"C";1;61368;332
"201904190b";"D";1;67898;332
"201904190b";"E";1;61370;332
"201904190b";"F";1;67904;332
"201904190b";"G";1;61362;332
"201904190b";"H";1;67896;332
"201904190b";"I";1;61360;332
"201904190b";"J";1;67902;332
"201904190b";"K";1;61368;332
"201904190b";"L";1;67904;332
"201904190b";"M";1;61370;332
"201904190b";"N";1;67910;332
"201904190b";"O";1;61369;332
"201904190b";"P";1;67907;332
"201904190b";"A";2;62864;332
"201904190b";"B";2;57040;332
"201904190b";"C";2;62860;332
"201904190b";"D";2;57043;332
"201904190b";"E";2;62866;332
"201904190b";"F";2;57045;332
"201904190b";"G";2;62866;332
"201904190b";"H";2;57042;332
"201904190b";"I";2;62857;332
"201904190b";"J";2;57037;332
"201904190b";"K";2;62866;332
"201904190b";"L";2;57036;332
"201904190b";"M";2;62871;332
"201904190b";"N";2;57042;332
"201904190b";"O";2;62858;332
"201904190b";"P";2;57041;332
"201904190b";"A";3;61367;332
"201904190b";"B";3;67909;332
"201904190b";"C";3;61365;332
"201904190b";"D";3;67905;332
"201904190b";"E";3;61358;332
"201904190b";"F";3;67905;332
"201904190b";"G";3;61361;332
"201904190b";"H";3;67898;332
"201904190b";"I";3;61363;332
"201904190b";"J";3;67910;332
"201904190b";"K";3;61365;332
"201904190b";"L";3;67896;332
"201904190b";"M";3;61361;332
"201904190b";"N";3;67905;332
"201904190b";"O";3;61370;332
"201904190b";"P";3;67903;332
"201904190b";"A";4;62858;332
"201904190b";"B";4;57042;332
"201904190b";"C";4;62861;332
"201904190b";"D";4;57036;332
"201904190b";"E";4;62866;332
"201904190b";"F";4;57041;332
"201904190b";"G";4;62862;332
"201904190b";"H";4;57047;332
"201904190b";"I";4;62860;332
"201904190b";"J";4;57047;332
"201904190b";"K";4;62865;332
"201904190b";"L";4;57035;332
"201904190b";"M";4;62856;332
"201904190b";"N";4;57038;332
"201904190b";"O";4;62858;332
"201904190b";"P";4;57047;332
"201904190b";"A";5;61362;332
"201904190b";"B";5;67906;332
"201904190b";"C";5;61358;332
"201904190b";"D";5;67909;332
"201904190b";"E";5;61361;332
"201904190b";"F";5;67898;332
"201904190b";"G";5;61356;332
"201904190b";"H";5;67904;332
"201904190b";"I";5;61357;332
"201904190b";"J";5;67907;332
"201904190b";"K";5;61365;332
"201904190b";"L";5;67909;332
"201904190b";"M";5;61362;332
"201904190b";"N";5;67907;332
"201904190b";"O";5;61363;332
"201904190b";"P";5;67897;332
"201904190b";"A";6;62868;332
"201904190b";"B";6;57044;332
"201904190b";"C";6;62869;332
"201904190b";"D";6;57043;332
"201904190b";"E";6;62857;332
"201904190b";"F";6;57040;332
"201904190b";"G";6;62863;332
"201904190b";"H";6;57035;332
"201904190b";"I";6;62865;332
"201904190b";"J";6;57037;332
"201904190b";"K";6;62868;332
"201904190b";"L";6;57040;332
"201904190b";"M";6;62858;332
"201904190b";"N";6;57039;332
"201904190b";"O";6;62866;332
"201904190b";"P";6;57048;332
"201904190b";"A";7;61356;332
"201904190b";"B";7;67901;332
"201904190b";"C";7;61362;332
"201904190b";"D";7;67905;332
"201904190b";"E";7;61367;332
"201904190b";"F";7;67907;332
"201904190b";"G";7;61371;332
"201904190b";"H";7;67899;332
"201904190b";"I";7;61361;332
"201904190b";"J";7;67906;332
"201904190b";"K";7;61369;332
"201904190b";"L";7;67902;332
"201904190b";"M";7;61358;332
"201904190b";"N";7;67906;332
"201904190b";"O";7;61364;332
"201904190b";"P";7;67897;332
"201904190b";"A";8;62862;332
"201904190b";"B";8;57041;332
"201904190b";"C";8;62870;332
"201904190b";"D";8;57034;332
"201904190b";"E";8;62857;332
"201904190b";"F";8;57036;332
"201904190b";"G";8;62868;332
"201904190b";"H";8;57043;332
"201904190b";"I";8;62860;332
"201904190b";"J";8;57048;332
"201904190b";"K";8;62871;332
"201904190b";"L";8;57043;332
"201904190b";"M";8;62867;332
"201904190b";"N";8;57047;332
"201904190b";"O";8;62866;332
"201904190b";"P";8;57043;332
"201904190b";"A";9;61365;332
"201904190b";"B";9;67901;332
"201904190b";"C";9;61360;332
"201904190b";"D";9;67904;332
"201904190b";"E";9;61357;332
"201904190b";"F";9;67902;332
"201904190b";"G";9;61364;332
"201904190b";"H";9;67900;332
"201904190b";"I";9;61366;332
"201904190b";"J";9;67903;332
"201904190b";"K";9;61357;332
"201904190b";"L";9;67906;332
"201904190b";"M";9;61363;332
"201904190b";"N";9;67908;332
"201904190b";"O";9;61369;332
"201904190b";"P";9;67899;332
"201904190b";"A";10;62859;332
"201904190b";"B";10;57045;332
"201904190b";"C";10;62859;332
"201904190b";"D";10;57039;332
"201904190b";"E";10;62863;332
"201904190b";"F";10;57034;332
"201904190b";"G";10;62856;332
"201904190b";"H";10;57038;332
"201904190b";"I";10;62860;332
"201904190b";"J";10;57036;332
"201904190b";"K";10;62861;332
"201904190b";"L";10;57036;332
"201904190b";"M";10;62869;332
"201904190b";"N";10;57039;332
"201904190b";"O";10;62861;332
"201904190b";"P";10;57042;332
"201904190b";"A";11;61369;332
"201904190b";"B";11;67897;332
"201904190b";"C";11;61364;332
"201904190b";"D";11;67896;332
"201904190b";"E";11;61363;332
"201904190b";"F";11;67898;332
"201904190b";"G";11;61357;332
"201904190b";"H";11;67902;332
"201904190b";"I";11;61365;332
"201904190b";"J";11;67897;332
"201904190b";"K";11;61369;332
"201904190b";"L";11;67906;332
"201904190b";"M";11;61368;332
"201904190b";"N";11;67904;332
"201904190b";"O";11;61358;332
"201904190b";"P";11;67898;332
"201904190b";"A";12;62866;332
"201904190b";"B";12;57040;332
"201904190b";"C";12;62863;332
"201904190b";"D";12;57039;332
"201904190b";"E";12;62858;332
"201904190b";"F";12;57040;332
"201904190b";"G";12;62860;332
"201904190b";"H";12;57036;332
"201904190b";"I";12;62865;332
"201904190b";"J";12;57042;332
"201904190b";"K";12;62866;332
"201904190b";"L";12;57040;332
"201904190b";"M";12;62868;332
"201904190b";"N";12;57034;332
"201904190b";"O";12;62868;332
"201904190b";"P";12;57048;332
"201904190b";"A";13;61366;332
"201904190b";"B";13;67899;332
"201904190b";"C";13;61359;332
"201904190b";"D";13;67897;332
"201904190b";"E";13;61365;332
"201904190b";"F";13;67908;332
"201904190b";"G";13;61358;332
"201904190b";"H";13;67901;332
"201904190b";"I";13;61356;332
"201904190b";"J";13;67906;332
"201904190b";"K";13;61360;332
"201904190b";"L";13;67898;332
"201904190b";"M";13;61357;332
"201904190b";"N";13;67909;332
"201904190b";"O";13;61361;332
"201904190b";"P";13;67902;332
"201904190b";"A";14;62868;332
"201904190b";"B";14;57044;332
"201904190b";"C";14;62856;332
"201904190b";"D";14;57035;332
"201904190b";"E";14;62867;332
"201904190b";"F";14;57046;332
"201904190b";"G";14;62866;332
"201904190b";"H";14;57041;332
"201904190b";"I";14;62865;332
"201904190b";"J";14;57037;332
"201904190b";"K";14;62864;332
"201904190b";"L";14;57042;332
"201904190b";"M";14;62868;332
"201904190b";"N";14;57043;332
"201904190b";"O";14;62859;332
"201904190b";"P";14;57040;332
"201904190b";"A";15;61362;332
"201904190b";"B";15;67902;332
"201904190b";"C";15;61357;332
"201904190b";"D";15;67901;332
"201904190b";"E";15;61364;332
"201904190b";"F";15;67901;332
"201904190b";"G";15;61362;332
"201904190b";"H";15;67911;332
"201904190b";"I";15;61361;332
"201904190b";"J";15;67899;332
"201904190b";"K";15;61363;332
"201904190b";"L";15;67902;332
"201904190b";"M";15;61358;332
"201904190b";"N";15;67899;332
"201904190b";"O";15;61361;332
"201904190b";"P";15;67896;332
"201904190b";"A";16;62858;332
"201904190b";"B";16;57039;332
"201904190b";"C";16;62868;332
"201904190b";"D";16;57047;332
"201904190b";"E";16;62869;332
"201904190b";"F";16;57039;332
"201904190b";"G";16;62864;332
"201904190b";"H";16;57048;332
"201904190b";"I";16;62870;332
"201904190b";"J";16;57035;332
"201904190b";"K";16;62870;332
"201904190b";"L";16;57048;332
"201904190b";"M";16;62858;332
"201904190b";"N";16;57035;332
"201904190b";"O";16;62867;332
"201904190b";"P";16;57046;332
"201904190b";"A";17;61370;332
"201904190b";"B";17;67903;332
"201904190b";"C";17;61368;332
"201904190b";"D";17;67905;332
"201904190b";"E";17;61359;332
"201904190b";"F";17;67907;332
"201904190b";"G";17;61369;332
"201904190b";"H";17;67906;332
"201904190b";"I";17;61358;332
"201904190b";"J";17;67896;332
"201904190b";"K";17;61358;332
"201904190b";"L";17;67907;332
"201904190b";"M";17;61364;332
"201904190b";"N";17;67908;332
"201904190b";"O";17;61360;332
"201904190b";"P";17;67900;332
"201904190b";"A";18;62860;332
"201904190b";"B";18;57036;332
"201904190b";"C";18;62860;332
"201904190b";"D";18;57036;332
"201904190b";"E";18;62860;332
"201904190b";"F";18;57035;332
"201904190b";"G";18;62859;332
"201904190b";"H";18;57041;332
"201904190b";"I";18;62858;332
"201904190b";"J";18;57040;332
"201904190b";"K";18;62864;332
"201904190b";"L";18;57034;332
"201904190b";"M";18;62868;332
"201904190b";"N";18;57038;332
"201904190b";"O";18;62864;332
"201904190b";"P";18;57038;332
"201904190b";"A";19;61370;332
"201904190b";"B";19;67909;332
"201904190b";"C";19;61362;332
"201904190b";"D";19;67898;332
"201904190b";"E";19;61363;332
"201904190b";"F";19;67896;332
"201904190b";"G";19;61367;332
"201904190b";"H";19;67898;332
"201904190b";"I";19;61356;332
"201904190b";"J";19;67903;332
"201904190b";"K";19;61360;332
"201904190b";"L";19;67905;332
"201904190b";"M";19;61359;332
"201904190b";"N";19;67909;332
"201904190b";"O";19;61361;332
"201904190b";"P";19;67904;332
"201904190b";"A";20;62866;332
"201904190b";"B";20;57046;332
"201904190b";"C";20;62869;332
"201904190b";"D";20;57042;332
"201904190b";"E";20;62863;332
"201904190b";"F";20;57037;332
"201904190b";"G";20;62865;332
"201904190b";"H";20;57043;332
"201904190b";"I";20;62865;332
"201904190b";"J";20;57042;332
"201904190b";"K";20;62860;332
"201904190b";"L";20;57046;332
"201904190b";"M";20;62861;332
"201904190b";"N";20;57037;332
"201904190b";"O";20;62870;332
"201904190b";"P";20;57048;332
"201904190b";"A";21;61363;332
"201904190b";"B";21;67901;332
"201904190b";"C";21;61364;332
"201904190b";"D";21;67907;332
"201904190b";"E";21;61366;332
"201904190b";"F";21;67899;332
"201904190b";"G";21;61363;332
"201904190b";"H";21;67906;332
"201904190b";"I";21;61357;332
"201904190b";"J";21;67899;332
"201904190b";"K";21;61367;332
"201904190b";"L";21;67907;332
"201904190b";"M";21;61369;332
"201904190b";"N";21;67902;332
"201904190b";"O";21;61370;332
"201904190b";"P";21;67904;332
"201904190b";"A";22;62858;332
"201904190b";"B";22;57040;332
"201904190b";"C";22;62858;332
"201904190b";"D";22;57046;332
"201904190b";"E";22;62860;332
"201904190b";"F";22;57042;332
"201904190b";"G";22;62866;332
"201904190b";"H";22;57044;332
"201904190b";"I";22;62869;332
"201904190b";"J";22;57038;332
"201904190b";"K";22;62863;332
"201904190b";"L";22;57043;332
"201904190b";"M";22;62862;332
"201904190b";"N";22;57046;332
"201904190b";"O";22;62869;332
"201904190b";"P";22;57043;332
"201904190b";"A";23;61369;332
"201904190b";"B";23;67903;332
"201904190b";"C";23;61367;332
"201904190b";"D";23;67898;332
"201904190b";"E";23;61370;332
"201904190b";"F";23;67897;332
"201904190b";"G";23;61357;332
"201904190b";"H";23;67901;332
"201904190b";"I";23;61361;332
"201904190b";"J";23;67900;332
"201904190b";"K";23;61370;332
"201904190b";"L";23;67901;332
"201904190b";"M";23;61366;332
"201904190b";"N";23;67906;332
"201904190b";"O";23;61360;332
"201904190b";"P";23;67910;332
"201904190b";"A";24;62871;332
"201904190b";"B";24;57040;332
"201904190b";"C";24;62862;332
"201904190b";"D";24;57035;332
"201904190b";"E";24;62859;332
"201904190b";"F";24;57039;332
"201904190b";"G";24;62861;332
"201904190b";"H";24;57044;332
"201904190b";"I";24;62865;332
"201904190b";"J";24;57046;332
"201904190b";"K";24;62858;332
"201904190b";"L";24;57041;332
"201904190b";"M";24;62860;332
"201904190b";"N";24;57041;332
"201904190b";"O";24;62862;332
"201904190b";"P";24;57046;332
"201904190c";"A";1;159386;374
"201904190c";"B";1;148248;374
"201904190c";"C";1;159387;374
"201904190c";"D";1;148253;374
"201904190c";"E";1;159393;374
"201904190c";"F";1;148246;374
"201904190c";"G";1;159389;374
"201904190c";"H";1;148251;374
"201904190c";"I";1;159397;374
"201904190c";"J";1;148239;374
"201904190c";"K";1;159392;374
"201904190c";"L";1;148245;374
"201904190c";"M";1;159399;374
"201904190c";"N";1;148245;374
"201904190c";"O";1;159396;374
"201904190c";"P";1;148251;374
"201904190c";"A";2;183429;374
"201904190c";"B";2;117438;374
"201904190c";"C";2;183428;374
"201904190c";"D";2;117441;374
"201904190c";"E";2;183416;374
"201904190c";"F";2;117440;374
"201904190c";"G";2;183428;374
"201904190c";"H";2;117437;374
"201904190c";"I";2;183420;374
"201904190c";"J";2;117435;374
"201904190c";"K";2;183429;374
"201904190c";"L";2;117435;374
"201904190c";"M";2;183424;374
"201904190c";"N";2;117437;374
"201904190c";"O";2;183420;374
"201904190c";"P";2;117431;374
"201904190c";"A";3;159394;374
"201904190c";"B";3;148246;374
"201904190c";"C";3;159397;374
"201904190c";"D";3;148243;374
"201904190c";"E";3;159390;374
"201904190c";"F";3;148253;374
"201904190c";"G";3;159396;374
"201904190c";"H";3;148249;374
"201904190c";"I";3;159387;374
"201904190c";"J";3;148246;374
"201904190c";"K";3;159394;374
"201904190c";"L";3;148253;374
"201904190c";"M";3;159388;374
"201904190c";"N";3;148239;374
"201904190c";"O";3;159388;374
"201904190c";"P";3;148250;374
"201904190c";"A";4;183424;374
"201904190c";"B";4;117444;374
"201904190c";"C";4;183429;374
"201904190c";"D";4;117437;374
"201904190c";"E";4;183428;374
"201904190c";"F";4;117438;374
"201904190c";"G";4;183429;374
"201904190c";"H";4;117435;374
"201904190c";"I";4;183425;374
"201904190c";"J";4;117432;374
"201904190c";"K";4;183422;374
"201904190c";"L";4;117438;374
"201904190c";"M";4;183419;374
"201904190c";"N";4;117438;374
"201904190c";"O";4;183421;374
"201904190c";"P";4;117443;374
"201904190c";"A";5;159398;374
"201904190c";"B";5;148248;374
"201904190c";"C";5;159387;374
"201904190c";"D";5;148252;374
"201904190c";"E";5;159386;374
"201904190c";"F";5;148246;374
"201904190c";"G";5;159391;374
"201904190c";"H";5;148250;374
"201904190c";"I";5;159397;374
"201904190c";"J";5;148239;374
"201904190c";"K";5;159391;374
"201904190c";"L";5;148248;374
"201904190c";"M";5;159398;374
"201904190c";"N";5;148251;374
"201904190c";"O";5;159397;374
"201904190c";"P";5;148248;374
"201904190c";"A";6;183428;374
"201904190c";"B";6;117437;374
"201904190c";"C";6;183416;374
"201904190c";"D";6;117441;374
"201904190c";"E";6;183416;374
"201904190c";"F";6;117439;374
"201904190c";"G";6;183418;374
"201904190c";"H";6;117431;374
"201904190c";"I";6;183427;374
"201904190c";"J";6;117435;374
"201904190c";"K";6;183421;374
"201904190c";"L";6;117440;374
"201904190c";"M";6;183418;374
"201904190c";"N";6;117429;374
"201904190c";"O";6;183420;374
"201904190c";"P";6;117435;374
"201904190c";"A";7;159385;374
"201904190c";"B";7;148239;374
"201904190c";"C";7;159399;374
"201904190c";"D";7;148248;374
"201904190c";"E";7;159393;374
"201904190c";"F";7;148241;374
"201904190c";"G";7;159390;374
"201904190c";"H";7;148243;374
"201904190c";"I";7;159400;374
"201904190c";"J";7;148252;374
"201904190c";"K";7;159386;374
"201904190c";"L";7;148240;374
"201904190c";"M";7;159393;374
"201904190c";"N";7;148250;374
"201904190c";"O";7;159389;374
"201904190c";"P";7;148243;374
"201904190c";"A";8;183416;374
"201904190c";"B";8;117440;374
"201904190c";"C";8;183421;374
"201904190c";"D";8;117433;374
"201904190c";"E";8;183429;374
"201904190c";"F";8;117439;374
"201904190c";"G";8;183423;374
"201904190c";"H";8;117435;374
"201904190c";"I";8;183424;374
"201904190c";"J";8;117431;374
"201904190c";"K";8;183425;374
"201904190c";"L";8;117430;374
"201904190c";"M";8;183427;374
"201904190c";"N";8;117434;374
"201904190c";"O";8;183418;374
"201904190c";"P";8;117440;374
"201904190c";"A";9;159385;374
"201904190c";"B";9;148248;374
"201904190c";"C";9;159390;374
"201904190c";"D";9;148247;374
"201904190c";"E";9;159399;374
"201904190c";"F";9;148248;374
"201904190c";"G";9;159391;374
"201904190c";"H";9;148250;374
"201904190c";"I";9;159389;374
"201904190c";"J";9;148246;374
"201904190c";"K";9;159389;374
"201904190c";"L";9;148247;374
"201904190c";"M";9;159391;374
"201904190c";"N";9;148243;374
"201904190c";"O";9;159386;374
"201904190c";"P";9;148252;374
"201904190c";"A";10;183425;374
"201904190c";"B";10;117437;374
"201904190c";"C";10;183425;374
"201904190c";"D";10;117435;374
"201904190c";"E";10;183426;374
"201904190c";"F";10;117437;374
"201904190c";"G";10;183425;374
"201904190c";"H";10;117433;374
"201904190c";"I";10;183416;374
"201904190c";"J";10;117442;374
"201904190c";"K";10;183427;374
"201904190c";"L";10;117429;374
"201904190c";"M";10;183415;374
"201904190c";"N";10;117442;374
"201904190c";"O";10;183423;374
"201904190c";"P";10;117435;374
"201904190c";"A";11;159399;374
"201904190c";"B";11;148250;374
"201904190c";"C";11;159385;374
"201904190c";"D";11;148250;374
"201904190c";"E";11;159392;374
"201904190c";"F";11;148248;374
"201904190c";"G";11;159394;374
"201904190c";"H";11;148252;374
"201904190c";"I";11;159393;374
"201904190c";"J";11;148248;374
"201904190c";"K";11;159388;374
"201904190c";"L";11;148249;374
"201904190c";"M";11;159391;374
"201904190c";"N";11;148241;374
"201904190c";"O";11;159389;374
"201904190c";"P";11;148249;374
"201904190c";"A";12;183422;374
"201904190c";"B";12;117443;374
"201904190c";"C";12;183419;374
"201904190c";"D";12;117436;374
"201904190c";"E";12;183421;374
"201904190c";"F";12;117441;374
"201904190c";"G";12;183429;374
"201904190c";"H";12;117441;374
"201904190c";"I";12;183430;374
"201904190c";"J";12;117431;374
"201904190c";"K";12;183419;374
"201904190c";"L";12;117432;374
"201904190c";"M";12;183427;374
"201904190c";"N";12;117441;374
"201904190c";"O";12;183418;374
"201904190c";"P";12;117441;374
"201904190c";"A";13;159397;374
"201904190c";"B";13;148248;374
"201904190c";"C";13;159399;374
"201904190c";"D";13;148252;374
"201904190c";"E";13;159398;374
"201904190c";"F";13;148245;374
"201904190c";"G";13;159392;374
"201904190c";"H";13;148252;374
"201904190c";"I";13;159389;374
"201904190c";"J";13;148242;374
"201904190c";"K";13;159400;374
"201904190c";"L";13;148240;374
"201904190c";"M";13;159398;374
"201904190c";"N";13;148241;374
"201904190c";"O";13;159400;374
"201904190c";"P";13;148246;374
"201904190c";"A";14;183428;374
"201904190c";"B";14;117440;374
"201904190c";"C";14;183422;374
"201904190c";"D";14;117431;374
"201904190c";"E";14;183418;374
"201904190c";"F";14;117438;374
"201904190c";"G";14;183425;374
"201904190c";"H";14;117435;374
"201904190c";"I";14;183415;374
"201904190c";"J";14;117430;374
"201904190c";"K";14;183419;374
"201904190c";"L";14;117436;374
"201904190c";"M";14;183430;374
"201904190c";"N";14;117442;374
"201904190c";"O";14;183418;374
"201904190c";"P";14;117430;374
"201904190c";"A";15;159389;374
"201904190c";"B";15;148243;374
"201904190c";"C";15;159398;374
"201904190c";"D";15;148250;374
"201904190c";"E";15;159385;374
"201904190c";"F";15;148251;374
"201904190c";"G";15;159395;374
"201904190c";"H";15;148240;374
"201904190c";"I";15;159399;374
"201904190c";"J";15;148247;374
"201904190c";"K";15;159387;374
"201904190c";"L";15;148241;374
"201904190c";"M";15;159399;374
"201904190c";"N";15;148239;374
"201904190c";"O";15;159391;374
"201904190c";"P";15;148243;374
"201904190c";"A";16;183425;374
"201904190c";"B";16;117443;374
"201904190c";"C";16;183427;374
"201904190c";"D";16;117434;374
"201904190c";"E";16;183421;374
"201904190c";"F";16;117430;374
"201904190c";"G";16;183428;374
"201904190c";"H";16;117433;374
"201904190c";"I";16;183423;374
"201904190c";"J";16;117437;374
"201904190c";"K";16;183417;374
"201904190c";"L";16;117430;374
"201904190c";"M";16;183426;374
"201904190c";"N";16;117437;374
"201904190c";"O";16;183424;374
"201904190c";"P";16;117436;374
"201904190c";"A";17;159398;374
"201904190c";"B";17;148240;374
"201904190c";"C";17;159399;374
"201904190c";"D";17;148246;374
"201904190c";"E";17;159394;374
"201904190c";"F";17;148253;374
"201904190c";"G";17;159396;374
"201904190c";"H";17;148245;374
"201904190c";"I";17;159399;374
"201904190c";"J";17;148243;374
"201904190c";"K";17;159389;374
"201904190c";"L";17;148250;374
"201904190c";"M";17;159394;374
"201904190c";"N";17;148248;374
"201904190c";"O";17;159389;374
"201904190c";"P";17;148245;374
"201904190c";"A";18;183423;374
"201904190c";"B";18;117430;374
"201904190c";"C";18;183424;374
"201904190c";"D";18;117443;374
"201904190c";"E";18;183428;374
"201904190c";"F";18;117443;374
"201904190c";"G";18;183422;374
"201904190c";"H";18;117435;374
"201904190c";"I";18;183420;374
"201904190c";"J";18;117437;374
"201904190c";"K";18;183417;374
"201904190c";"L";18;117442;374
"201904190c";"M";18;183422;374
"201904190c";"N";18;117442;374
"201904190c";"O";18;183429;374
"201904190c";"P";18;117429;374
"201904190c";"A";19;159393;374
"201904190c";"B";19;148246;374
"201904190c";"C";19;159397;374
"201904190c";"D";19;148248;374
"201904190c";"E";19;159392;374
"201904190c";"F";19;148251;374
"201904190c";"G";19;159398;374
"201904190c";"H";19;148244;374
"201904190c";"I";19;159388;374
"201904190c";"J";19;148238;374
"201904190c";"K";19;159394;374
"201904190c";"L";19;148248;374
"201904190c";"M";19;159396;374
"201904190c";"N";19;148242;374
"201904190c";"O";19;159400;374
"201904190c";"P";19;148247;374
"201904190c";"A";20;183415;374
"201904190c";"B";20;117440;374
"201904190c";"C";20;183425;374
"201904190c";"D";20;117431;374
"201904190c";"E";20;183427;374
"201904190c";"F";20;117432;374
"201904190c";"G";20;183422;374
"201904190c";"H";20;117443;374
"201904190c";"I";20;183420;374
"201904190c";"J";20;117442;374
"201904190c";"K";20;183428;374
"201904190c";"L";20;117432;374
"201904190c";"M";20;183417;374
"201904190c";"N";20;117437;374
"201904190c";"O";20;183423;374
"201904190c";"P";20;117429;374
"201904190c";"A";21;159386;374
"201904190c";"B";21;148247;374
"201904190c";"C";21;159396;374
"201904190c";"D";21;148247;374
"201904190c";"E";21;159385;374
"201904190c";"F";21;148242;374
"201904190c";"G";21;159392;374
"201904190c";"H";21;148246;374
"201904190c";"I";21;159385;374
"201904190c";"J";21;148247;374
"201904190c";"K";21;159392;374
"201904190c";"L";21;148251;374
"201904190c";"M";21;159393;374
"201904190c";"N";21;148251;374
"201904190c";"O";21;159394;374
"201904190c";"P";21;148249;374
"201904190c";"A";22;183428;374
"201904190c";"B";22;117432;374
"201904190c";"C";22;183424;374
"201904190c";"D";22;117436;374
"201904190c";"E";22;183427;374
"201904190c";"F";22;117442;374
"201904190c";"G";22;183425;374
"201904190c";"H";22;117435;374
"201904190c";"I";22;183422;374
"201904190c";"J";22;117437;374
"201904190c";"K";22;183417;374
"201904190c";"L";22;117442;374
"201904190c";"M";22;183425;374
"201904190c";"N";22;117441;374
"201904190c";"O";22;183426;374
"201904190c";"P";22;117430;374
"201904190c";"A";23;159391;374
"201904190c";"B";23;148250;374
"201904190c";"C";23;159397;374
"201904190c";"D";23;148239;374
"201904190c";"E";23;159389;374
"201904190c";"F";23;148250;374
"201904190c";"G";23;159389;374
"201904190c";"H";23;148239;374
"201904190c";"I";23;159390;374
"201904190c";"J";23;148240;374
"201904190c";"K";23;159386;374
"201904190c";"L";23;148244;374
"201904190c";"M";23;159394;374
"201904190c";"N";23;148253;374
"201904190c";"O";23;159387;374
"201904190c";"P";23;148248;374
"201904190c";"A";24;183425;374
"201904190c";"B";24;117442;374
"201904190c";"C";24;183429;374
"201904190c";"D";24;117436;374
"201904190c";"E";24;183421;374
"201904190c";"F";24;117443;374
"201904190c";"G";24;183429;374
"201904190c";"H";24;117431;374
"201904190c";"I";24;183419;374
"201904190c";"J";24;117440;374
"201904190c";"K";24;183428;374
"201904190c";"L";24;117438;374
"201904190c";"M";24;183428;374
"201904190c";"N";24;117433;374
"201904190c";"O";24;183419;374
"201904190c";"P";24;117434;374
"201904190d";"A";1;435554;704
"201904190d";"B";1;398275;704
"201904190d";"C";1;543602;704
"201904190d";"D";1;546020;704
"201904190d";"E";1;153503;704
"201904190d";"F";1;147589;704
"201904190d";"G";1;138997;704
"201904190d";"H";1;184146;704
"201904190d";"I";1;345796;704
"201904190d";"J";1;340547;704
"201904190d";"K";1;343239;704
"201904190d";"L";1;336008;704
"201904190d";"M";1;339777;704
"201904190d";"N";1;341399;704
"201904190d";"O";1;336802;704
"201904190d";"P";1;328692;704
"201904190d";"A";2;405736;704
"201904190d";"B";2;421468;704
"201904190d";"C";2;553228;704
"201904190d";"D";2;509636;704
"201904190d";"E";2;229981;704
"201904190d";"F";2;133242;704
"201904190d";"G";2;144400;704
"201904190d";"H";2;172290;704
"201904190d";"I";2;338229;704
"201904190d";"J";2;338264;704
"201904190d";"K";2;334387;704
"201904190d";"L";2;333877;704
"201904190d";"M";2;336598;704
"201904190d";"N";2;332679;704
"201904190d";"O";2;328590;704
"201904190d";"P";2;327212;704
"201904190d";"A";3;455904;704
"201904190d";"B";3;424140;704
"201904190d";"C";3;742217;704
"201904190d";"D";3;635369;704
"201904190d";"E";3;219469;704
"201904190d";"F";3;174455;704
"201904190d";"G";3;183663;704
"201904190d";"H";3;151444;704
"201904190d";"I";3;540975;704
"201904190d";"J";3;508017;704
"201904190d";"K";3;649050;704
"201904190d";"L";3;608626;704
"201904190d";"M";3;239139;704
"201904190d";"N";3;256491;704
"201904190d";"O";3;264227;704
"201904190d";"P";3;182009;704
"201904190d";"A";4;403686;704
"201904190d";"B";4;487430;704
"201904190d";"C";4;758270;704
"201904190d";"D";4;734722;704
"201904190d";"E";4;242209;704
"201904190d";"F";4;207536;704
"201904190d";"G";4;206445;704
"201904190d";"H";4;234022;704
"201904190d";"I";4;533852;704
"201904190d";"J";4;579836;704
"201904190d";"K";4;875582;704
"201904190d";"L";4;762818;704
"201904190d";"M";4;299701;704
"201904190d";"N";4;237430;704
"201904190d";"O";4;322557;704
"201904190d";"P";4;345057;704
"201904190d";"A";5;671566;704
"201904190d";"B";5;474193;704
"201904190d";"C";5;927292;704
"201904190d";"D";5;856649;704
"201904190d";"E";5;349676;704
"201904190d";"F";5;290750;704
"201904190d";"G";5;330504;704
"201904190d";"H";5;266576;704
"201904190d";"I";5;598497;704
"201904190d";"J";5;682462;704
"201904190d";"K";5;1026050;704
"201904190d";"L";5;821923;704
"201904190d";"M";5;407470;704
"201904190d";"N";5;307223;704
"201904190d";"O";5;300604;704
"201904190d";"P";5;278863;704
"201904190d";"A";6;469687;704
"201904190d";"B";6;673316;704
"201904190d";"C";6;944065;704
"201904190d";"D";6;874637;704
"201904190d";"E";6;328631;704
"201904190d";"F";6;283849;704
"201904190d";"G";6;305625;704
"201904190d";"H";6;319897;704
"201904190d";"I";6;690434;704
"201904190d";"J";6;764062;704
"201904190d";"K";6;1085476;704
"201904190d";"L";6;1153803;704
"201904190d";"M";6;326598;704
"201904190d";"N";6;308042;704
"201904190d";"O";6;275145;704
"201904190d";"P";6;279031;704
"201904190d";"A";7;667414;704
"201904190d";"B";7;652610;704
"201904190d";"C";7;1218403;704
"201904190d";"D";7;925288;704
"201904190d";"E";7;393200;704
"201904190d";"F";7;337254;704
"201904190d";"G";7;332795;704
"201904190d";"H";7;312412;704
"201904190d";"I";7;794707;704
"201904190d";"J";7;909656;704
"201904190d";"K";7;1166071;704
"201904190d";"L";7;1180042;704
"201904190d";"M";7;476559;704
"201904190d";"N";7;333286;704
"201904190d";"O";7;378864;704
"201904190d";"P";7;251062;704
"201904190d";"A";8;699935;704
"201904190d";"B";8;835485;704
"201904190d";"C";8;965770;704
"201904190d";"D";8;979079;704
"201904190d";"E";8;405656;704
"201904190d";"F";8;339410;704
"201904190d";"G";8;556041;704
"201904190d";"H";8;247064;704
"201904190d";"I";8;832615;704
"201904190d";"J";8;969141;704
"201904190d";"K";8;1210222;704
"201904190d";"L";8;1371939;704
"201904190d";"M";8;429475;704
"201904190d";"N";8;335897;704
"201904190d";"O";8;451515;704
"201904190d";"P";8;293078;704
"201904190d";"A";9;526579;704
"201904190d";"B";9;725677;704
"201904190d";"C";9;1213184;704
"201904190d";"D";9;1182251;704
"201904190d";"E";9;444261;704
"201904190d";"F";9;437807;704
"201904190d";"G";9;436064;704
"201904190d";"H";9;308176;704
"201904190d";"I";9;856139;704
"201904190d";"J";9;928137;704
"201904190d";"K";9;1259265;704
"201904190d";"L";9;1271846;704
"201904190d";"M";9;500397;704
"201904190d";"N";9;433617;704
"201904190d";"O";9;472372;704
"201904190d";"P";9;288930;704
"201904190d";"A";10;581032;704
"201904190d";"B";10;699169;704
"201904190d";"C";10;1070602;704
"201904190d";"D";10;1071184;704
"201904190d";"E";10;411812;704
"201904190d";"F";10;391994;704
"201904190d";"G";10;432298;704
"201904190d";"H";10;325528;704
"201904190d";"I";10;849131;704
"201904190d";"J";10;973260;704
"201904190d";"K";10;1050414;704
"201904190d";"L";10;1381913;704
"201904190d";"M";10;472773;704
"201904190d";"N";10;457789;704
"201904190d";"O";10;434571;704
"201904190d";"P";10;329446;704
"201904190d";"A";11;598903;704
"201904190d";"B";11;844409;704
"201904190d";"C";11;1249586;704
"201904190d";"D";11;1265317;704
"201904190d";"E";11;442229;704
"201904190d";"F";11;457237;704
"201904190d";"G";11;463859;704
"201904190d";"H";11;479433;704
"201904190d";"I";11;663483;704
"201904190d";"J";11;913004;704
"201904190d";"K";11;1242408;704
"201904190d";"L";11;1282310;704
"201904190d";"M";11;525539;704
"201904190d";"N";11;484840;704
"201904190d";"O";11;527974;704
"201904190d";"P";11;507600;704
"201904190d";"A";12;581770;704
"201904190d";"B";12;700622;704
"201904190d";"C";12;1157864;704
"201904190d";"D";12;1159244;704
"201904190d";"E";12;462831;704
"201904190d";"F";12;431995;704
"201904190d";"G";12;503583;704
"201904190d";"H";12;406347;704
"201904190d";"I";12;761971;704
"201904190d";"J";12;967436;704
"201904190d";"K";12;1191642;704
"201904190d";"L";12;1513745;704
"201904190d";"M";12;575697;704
"201904190d";"N";12;518694;704
"201904190d";"O";12;439242;704
"201904190d";"P";12;435787;704
"201904190d";"A";13;579882;704
"201904190d";"B";13;794533;704
"201904190d";"C";13;1127456;704
"201904190d";"D";13;1194118;704
"201904190d";"E";13;463852;704
"201904190d";"F";13;463608;704
"201904190d";"G";13;480997;704
"201904190d";"H";13;424155;704
"201904190d";"I";13;725378;704
"201904190d";"J";13;1068007;704
"201904190d";"K";13;1375782;704
"201904190d";"L";13;1393279;704
"201904190d";"M";13;630694;704
"201904190d";"N";13;562633;704
"201904190d";"O";13;566229;704
"201904190d";"P";13;527698;704
"201904190d";"A";14;543771;704
"201904190d";"B";14;781394;704
"201904190d";"C";14;1133219;704
"201904190d";"D";14;1217014;704
"201904190d";"E";14;437075;704
"201904190d";"F";14;473918;704
"201904190d";"G";14;459080;704
"201904190d";"H";14;443897;704
"201904190d";"I";14;753747;704
"201904190d";"J";14;921314;704
"201904190d";"K";14;1278179;704
"201904190d";"L";14;1492472;704
"201904190d";"M";14;569060;704
"201904190d";"N";14;511891;704
"201904190d";"O";14;574137;704
"201904190d";"P";14;456830;704
"201904190d";"A";15;591600;704
"201904190d";"B";15;841847;704
"201904190d";"C";15;1166939;704
"201904190d";"D";15;1147698;704
"201904190d";"E";15;460812;704
"201904190d";"F";15;508698;704
"201904190d";"G";15;493511;704
"201904190d";"H";15;457904;704
"201904190d";"I";15;834385;704
"201904190d";"J";15;945600;704
"201904190d";"K";15;1389452;704
"201904190d";"L";15;1406521;704
"201904190d";"M";15;564232;704
"201904190d";"N";15;608766;704
"201904190d";"O";15;559899;704
"201904190d";"P";15;504874;704
"201904190d";"A";16;507676;704
"201904190d";"B";16;703268;704
"201904190d";"C";16;1080210;704
"201904190d";"D";16;1143935;704
"201904190d";"E";16;412520;704
"201904190d";"F";16;422151;704
"201904190d";"G";16;486625;704
"201904190d";"H";16;433117;704
"201904190d";"I";16;594004;704
"201904190d";"J";16;949144;704
"201904190d";"K";16;1372876;704
"201904190d";"L";16;1354662;704
"201904190d";"M";16;387679;704
"201904190d";"N";16;558883;704
"201904190d";"O";16;510384;704
"201904190d";"P";16;412156;704
"201904190d";"A";17;623995;704
"201904190d";"B";17;928264;704
"201904190d";"C";17;1109527;704
"201904190d";"D";17;1252344;704
"201904190d";"E";17;399888;704
"201904190d";"F";17;431770;704
"201904190d";"G";17;458585;704
"201904190d";"H";17;442538;704
"201904190d";"I";17;858405;704
"201904190d";"J";17;1136196;704
"201904190d";"K";17;1193842;704
"201904190d";"L";17;1602012;704
"201904190d";"M";17;520091;704
"201904190d";"N";17;551897;704
"201904190d";"O";17;477820;704
"201904190d";"P";17;416863;704
"201904190d";"A";18;543449;704
"201904190d";"B";18;758990;704
"201904190d";"C";18;1025721;704
"201904190d";"D";18;1165668;704
"201904190d";"E";18;393654;704
"201904190d";"F";18;412236;704
"201904190d";"G";18;437049;704
"201904190d";"H";18;395543;704
"201904190d";"I";18;700023;704
"201904190d";"J";18;1020525;704
"201904190d";"K";18;1236689;704
"201904190d";"L";18;1441752;704
"201904190d";"M";18;439955;704
"201904190d";"N";18;408274;704
"201904190d";"O";18;404842;704
"201904190d";"P";18;366643;704
"201904190d";"A";19;554794;704
"201904190d";"B";19;838247;704
"201904190d";"C";19;969333;704
"201904190d";"D";19;1049068;704
"201904190d";"E";19;307209;704
"201904190d";"F";19;383049;704
"201904190d";"G";19;368483;704
"201904190d";"H";19;374114;704
"201904190d";"I";19;555279;704
"201904190d";"J";19;899178;704
"201904190d";"K";19;1115964;704
"201904190d";"L";19;1383511;704
"201904190d";"M";19;414797;704
"201904190d";"N";19;434634;704
"201904190d";"O";19;412640;704
"201904190d";"P";19;410394;704
"201904190d";"A";20;453881;704
"201904190d";"B";20;598031;704
"201904190d";"C";20;894568;704
"201904190d";"D";20;998041;704
"201904190d";"E";20;280327;704
"201904190d";"F";20;333281;704
"201904190d";"G";20;308497;704
"201904190d";"H";20;303816;704
"201904190d";"I";20;581804;704
"201904190d";"J";20;981519;704
"201904190d";"K";20;1058811;704
"201904190d";"L";20;1169224;704
"201904190d";"M";20;339808;704
"201904190d";"N";20;376458;704
"201904190d";"O";20;385804;704
"201904190d";"P";20;397302;704
"201904190d";"A";21;398365;704
"201904190d";"B";21;593515;704
"201904190d";"C";21;673171;704
"201904190d";"D";21;840515;704
"201904190d";"E";21;248617;704
"201904190d";"F";21;271989;704
"201904190d";"G";21;299227;704
"201904190d";"H";21;283196;704
"201904190d";"I";21;474033;704
"201904190d";"J";21;699429;704
"201904190d";"K";21;819622;704
"201904190d";"L";21;1029770;704
"201904190d";"M";21;322199;704
"201904190d";"N";21;360468;704
"201904190d";"O";21;356621;704
"201904190d";"P";21;326335;704
"201904190d";"A";22;369874;704
"201904190d";"B";22;495176;704
"201904190d";"C";22;547197;704
"201904190d";"D";22;706557;704
"201904190d";"E";22;193893;704
"201904190d";"F";22;233276;704
"201904190d";"G";22;226185;704
"201904190d";"H";22;266990;704
"201904190d";"I";22;451083;704
"201904190d";"J";22;606420;704
"201904190d";"K";22;554145;704
"201904190d";"L";22;1019155;704
"201904190d";"M";22;223736;704
"201904190d";"N";22;232040;704
"201904190d";"O";22;220822;704
"201904190d";"P";22;246015;704
"201904190d";"A";23;332225;704
"201904190d";"B";23;332171;704
"201904190d";"C";23;325216;704
"201904190d";"D";23;325626;704
"201904190d";"E";23;327316;704
"201904190d";"F";23;324245;704
"201904190d";"G";23;330567;704
"201904190d";"H";23;327777;704
"201904190d";"I";23;332736;704
"201904190d";"J";23;329111;704
"201904190d";"K";23;326854;704
"201904190d";"L";23;322092;704
"201904190d";"M";23;327422;704
"201904190d";"N";23;319460;704
"201904190d";"O";23;327698;704
"201904190d";"P";23;325819;704
"201904190d";"A";24;329295;704
"201904190d";"B";24;330507;704
"201904190d";"C";24;328001;704
"201904190d";"D";24;326893;704
"201904190d";"E";24;326125;704
"201904190d";"F";24;319971;704
"201904190d";"G";24;328305;704
"201904190d";"H";24;330008;704
"201904190d";"I";24;327395;704
"201904190d";"J";24;329007;704
"201904190d";"K";24;322738;704
"201904190d";"L";24;324534;704
"201904190d";"M";24;327896;704
"201904190d";"N";24;321153;704
"201904190d";"O";24;325809;704
"201904190d";"P";24;330189;704
"201904190e";"A";1;54820;351
"201904190e";"B";1;59297;351
"201904190e";"C";1;66809;351
"201904190e";"D";1;41586;351
"201904190e";"E";1;54819;351
"201904190e";"F";1;59310;351
"201904190e";"G";1;66802;351
"201904190e";"H";1;41587;351
"201904190e";"I";1;54821;351
"201904190e";"J";1;59310;351
"201904190e";"K";1;66803;351
"201904190e";"L";1;41597;351
"201904190e";"M";1;54824;351
"201904190e";"N";1;59310;351
"201904190e";"O";1;66803;351
"201904190e";"P";1;41589;351
"201904190e";"A";2;53023;351
"201904190e";"B";2;83256;351
"201904190e";"C";2;55282;351
"201904190e";"D";2;67495;351
"201904190e";"E";2;53025;351
"201904190e";"F";2;83257;351
"201904190e";"G";2;55295;351
"201904190e";"H";2;67503;351
"201904190e";"I";2;53023;351
"201904190e";"J";2;83263;351
"201904190e";"K";2;55292;351
"201904190e";"L";2;67497;351
"201904190e";"M";2;53023;351
"201904190e";"N";2;83262;351
"201904190e";"O";2;55283;351
"201904190e";"P";2;67493;351
"201904190e";"A";3;54833;351
"201904190e";"B";3;59310;351
"201904190e";"C";3;66804;351
"201904190e";"D";3;41588;351
"201904190e";"E";3;54831;351
"201904190e";"F";3;59310;351
"201904190e";"G";3;66808;351
"201904190e";"H";3;41601;351
"201904190e";"I";3;54830;351
"201904190e";"J";3;59298;351
"201904190e";"K";3;66804;351
"201904190e";"L";3;41587;351
"201904190e";"M";3;54827;351
"201904190e";"N";3;59297;351
"201904190e";"O";3;66796;351
"201904190e";"P";3;41597;351
"201904190e";"A";4;53024;351
"201904190e";"B";4;83267;351
"201904190e";"C";4;55292;351
"201904190e";"D";4;67499;351
"201904190e";"E";4;53024;351
"201904190e";"F";4;83257;351
"201904190e";"G";4;55287;351
"201904190e";"H";4;67498;351
"201904190e";"I";4;53021;351
"201904190e";"J";4;83264;351
"201904190e";"K";4;55292;351
"201904190e";"L";4;67498;351
"201904190e";"M";4;53021;351
"201904190e";"N";4;83266;351
"201904190e";"O";4;55286;351
"201904190e";"P";4;67501;351
"201904190e";"A";5;54828;351
"201904190e";"B";5;59299;351
"201904190e";"C";5;66799;351
"201904190e";"D";5;41593;351
"201904190e";"E";5;54824;351
"201904190e";"F";5;59298;351
"201904190e";"G";5;66803;351
"201904190e";"H";5;41597;351
"201904190e";"I";5;54825;351
"201904190e";"J";5;59307;351
"201904190e";"K";5;66797;351
"201904190e";"L";5;41598;351
"201904190e";"M";5;54824;351
"201904190e";"N";5;59301;351
"201904190e";"O";5;66796;351
"201904190e";"P";5;41592;351
"201904190e";"A";6;53019;351
"201904190e";"B";6;83268;351
"201904190e";"C";6;55293;351
"201904190e";"D";6;67508;351
"201904190e";"E";6;53029;351
"201904190e";"F";6;83262;351
"201904190e";"G";6;55289;351
"201904190e";"H";6;67505;351
"201904190e";"I";6;53024;351
"201904190e";"J";6;83265;351
"201904190e";"K";6;55285;351
"201904190e";"L";6;67501;351
"201904190e";"M";6;53026;351
"201904190e";"N";6;83264;351
"201904190e";"O";6;55282;351
"201904190e";"P";6;67502;351
"201904190e";"A";7;54829;351
"201904190e";"B";7;59299;351
"201904190e";"C";7;66805;351
"201904190e";"D";7;41598;351
"201904190e";"E";7;54820;351
"201904190e";"F";7;59303;351
"201904190e";"G";7;66808;351
"201904190e";"H";7;41590;351
"201904190e";"I";7;54833;351
"201904190e";"J";7;59296;351
"201904190e";"K";7;66810;351
"201904190e";"L";7;41588;351
"201904190e";"M";7;54820;351
"201904190e";"N";7;59309;351
"201904190e";"O";7;66809;351
"201904190e";"P";7;41595;351
"201904190e";"A";8;53023;351
"201904190e";"B";8;83256;351
"201904190e";"C";8;55281;351
"201904190e";"D";8;67502;351
"201904190e";"E";8;53026;351
"201904190e";"F";8;83260;351
"201904190e";"G";8;55293;351
"201904190e";"H";8;67501;351
"201904190e";"I";8;53031;351
"201904190e";"J";8;83264;351
"201904190e";"K";8;55295;351
"201904190e";"L";8;67504;351
"201904190e";"M";8;53025;351
"201904190e";"N";8;83265;351
"201904190e";"O";8;55288;351
"201904190e";"P";8;67504;351
"201904190e";"A";9;54829;351
"201904190e";"B";9;59296;351
"201904190e";"C";9;66805;351
"201904190e";"D";9;41600;351
"201904190e";"E";9;54833;351
"201904190e";"F";9;59300;351
"201904190e";"G";9;66805;351
"201904190e";"H";9;41591;351
"201904190e";"I";9;54823;351
"201904190e";"J";9;59302;351
"201904190e";"K";9;66800;351
"201904190e";"L";9;41589;351
"201904190e";"M";9;54823;351
"201904190e";"N";9;59299;351
"201904190e";"O";9;66799;351
"201904190e";"P";9;41591;351
"201904190e";"A";10;53022;351
"201904190e";"B";10;83257;351
"201904190e";"C";10;55292;351
"201904190e";"D";10;67500;351
"201904190e";"E";10;53023;351
"201904190e";"F";10;83255;351
"201904190e";"G";10;55295;351
"201904190e";"H";10;67499;351
"201904190e";"I";10;53020;351
"201904190e";"J";10;83263;351
"201904190e";"K";10;55282;351
"201904190e";"L";10;67505;351
"201904190e";"M";10;53019;351
"201904190e";"N";10;83259;351
"201904190e";"O";10;55293;351
"201904190e";"P";10;67493;351
"201904190e";"A";11;54829;351
"201904190e";"B";11;59305;351
"201904190e";"C";11;66798;351
"201904190e";"D";11;41590;351
"201904190e";"E";11;54830;351
"201904190e";"F";11;59306;351
"201904190e";"G";11;66801;351
"201904190e";"H";11;41591;351
"201904190e";"I";11;54820;351
"201904190e";"J";11;59300;351
"201904190e";"K";11;66800;351
"201904190e";"L";11;41598;351
"201904190e";"M";11;54834;351
"201904190e";"N";11;59306;351
"201904190e";"O";11;66809;351
"201904190e";"P";11;41599;351
"201904190e";"A";12;53030;351
"201904190e";"B";12;83261;351
"201904190e";"C";12;55282;351
"201904190e";"D";12;67499;351
"201904190e";"E";12;53020;351
"201904190e";"F";12;83268;351
"201904190e";"G";12;55295;351
"201904190e";"H";12;67507;351
"201904190e";"I";12;53023;351
"201904190e";"J";12;83258;351
"201904190e";"K";12;55293;351
"201904190e";"L";12;67503;351
"201904190e";"M";12;53019;351
"201904190e";"N";12;83262;351
"201904190e";"O";12;55293;351
"201904190e";"P";12;67500;351
"201904190e";"A";13;54822;351
"201904190e";"B";13;59300;351
"201904190e";"C";13;66803;351
"201904190e";"D";13;41586;351
"201904190e";"E";13;54826;351
"201904190e";"F";13;59310;351
"201904190e";"G";13;66799;351
"201904190e";"H";13;41595;351
"201904190e";"I";13;54827;351
"201904190e";"J";13;59297;351
"201904190e";"K";13;66801;351
"201904190e";"L";13;41594;351
"201904190e";"M";13;54833;351
"201904190e";"N";13;59295;351
"201904190e";"O";13;66798;351
"201904190e";"P";13;41594;351
"201904190e";"A";14;53024;351
"201904190e";"B";14;83264;351
"201904190e";"C";14;55285;351
"201904190e";"D";14;67502;351
"201904190e";"E";14;53022;351
"201904190e";"F";14;83258;351
"201904190e";"G";14;55295;351
"201904190e";"H";14;67495;351
"201904190e";"I";14;53018;351
"201904190e";"J";14;83261;351
"201904190e";"K";14;55286;351
"201904190e";"L";14;67507;351
"201904190e";"M";14;53031;351
"201904190e";"N";14;83263;351
"201904190e";"O";14;55294;351
"201904190e";"P";14;67495;351
"201904190e";"A";15;54832;351
"201904190e";"B";15;59308;351
"201904190e";"C";15;66798;351
"201904190e";"D";15;41588;351
"201904190e";"E";15;54823;351
"201904190e";"F";15;59309;351
"201904190e";"G";15;66796;351
"201904190e";"H";15;41600;351
"201904190e";"I";15;54819;351
"201904190e";"J";15;59309;351
"201904190e";"K";15;66810;351
"201904190e";"L";15;41588;351
"201904190e";"M";15;54820;351
"201904190e";"N";15;59304;351
"201904190e";"O";15;66803;351
"201904190e";"P";15;41593;351
"201904190e";"A";16;53023;351
"201904190e";"B";16;83257;351
"201904190e";"C";16;55282;351
"201904190e";"D";16;67499;351
"201904190e";"E";16;53026;351
"201904190e";"F";16;83254;351
"201904190e";"G";16;55282;351
"201904190e";"H";16;67497;351
"201904190e";"I";16;53019;351
"201904190e";"J";16;83260;351
"201904190e";"K";16;55293;351
"201904190e";"L";16;67502;351
"201904190e";"M";16;53025;351
"201904190e";"N";16;83259;351
"201904190e";"O";16;55286;351
"201904190e";"P";16;67499;351
"201904190e";"A";17;54832;351
"201904190e";"B";17;59307;351
"201904190e";"C";17;66799;351
"201904190e";"D";17;41591;351
"201904190e";"E";17;54821;351
"201904190e";"F";17;59299;351
"201904190e";"G";17;66803;351
"201904190e";"H";17;41594;351
"201904190e";"I";17;54831;351
"201904190e";"J";17;59304;351
"201904190e";"K";17;66800;351
"201904190e";"L";17;41593;351
"201904190e";"M";17;54834;351
"201904190e";"N";17;59297;351
"201904190e";"O";17;66797;351
"201904190e";"P";17;41593;351
"201904190e";"A";18;53023;351
"201904190e";"B";18;83260;351
"201904190e";"C";18;55287;351
"201904190e";"D";18;67496;351
"201904190e";"E";18;53020;351
"201904190e";"F";18;83267;351
"201904190e";"G";18;55294;351
"201904190e";"H";18;67500;351
"201904190e";"I";18;53031;351
"201904190e";"J";18;83256;351
"201904190e";"K";18;55295;351
"201904190e";"L";18;67503;351
"201904190e";"M";18;53031;351
"201904190e";"N";18;83268;351
"201904190e";"O";18;55291;351
"201904190e";"P";18;67508;351
"201904190e";"A";19;54820;351
"201904190e";"B";19;59296;351
"201904190e";"C";19;66809;351
"201904190e";"D";19;41594;351
"201904190e";"E";19;54825;351
"201904190e";"F";19;59304;351
"201904190e";"G";19;66800;351
"201904190e";"H";19;41599;351
"201904190e";"I";19;54822;351
"201904190e";"J";19;59299;351
"201904190e";"K";19;66798;351
"201904190e";"L";19;41599;351
"201904190e";"M";19;54820;351
"201904190e";"N";19;59300;351
"201904190e";"O";19;66797;351
"201904190e";"P";19;41594;351
"201904190e";"A";20;53029;351
"201904190e";"B";20;83262;351
"201904190e";"C";20;55288;351
"201904190e";"D";20;67507;351
"201904190e";"E";20;53028;351
"201904190e";"F";20;83264;351
"201904190e";"G";20;55282;351
"201904190e";"H";20;67495;351
"201904190e";"I";20;53027;351
"201904190e";"J";20;83259;351
"201904190e";"K";20;55291;351
"201904190e";"L";20;67499;351
"201904190e";"M";20;53018;351
"201904190e";"N";20;83263;351
"201904190e";"O";20;55287;351
"201904190e";"P";20;67494;351
"201904190e";"A";21;54822;351
"201904190e";"B";21;59307;351
"201904190e";"C";21;66802;351
"201904190e";"D";21;41587;351
"201904190e";"E";21;54830;351
"201904190e";"F";21;59297;351
"201904190e";"G";21;66804;351
"201904190e";"H";21;41597;351
"201904190e";"I";21;54825;351
"201904190e";"J";21;59309;351
"201904190e";"K";21;66807;351
"201904190e";"L";21;41593;351
"201904190e";"M";21;54824;351
"201904190e";"N";21;59308;351
"201904190e";"O";21;66796;351
"201904190e";"P";21;41594;351
"201904190e";"A";22;53027;351
"201904190e";"B";22;83261;351
"201904190e";"C";22;55285;351
"201904190e";"D";22;67496;351
"201904190e";"E";22;53027;351
"201904190e";"F";22;83258;351
"201904190e";"G";22;55289;351
"201904190e";"H";22;67500;351
"201904190e";"I";22;53024;351
"201904190e";"J";22;83257;351
"201904190e";"K";22;55288;351
"201904190e";"L";22;67502;351
"201904190e";"M";22;53026;351
"201904190e";"N";22;83263;351
"201904190e";"O";22;55289;351
"201904190e";"P";22;67494;351
"201904190e";"A";23;54824;351
"201904190e";"B";23;59308;351
"201904190e";"C";23;66799;351
"201904190e";"D";23;41591;351
"201904190e";"E";23;54831;351
"201904190e";"F";23;59308;351
"201904190e";"G";23;66805;351
"201904190e";"H";23;41589;351
"201904190e";"I";23;54830;351
"201904190e";"J";23;59305;351
"201904190e";"K";23;66800;351
"201904190e";"L";23;41599;351
"201904190e";"M";23;54826;351
"201904190e";"N";23;59297;351
"201904190e";"O";23;66800;351
"201904190e";"P";23;41601;351
"201904190e";"A";24;53030;351
"201904190e";"B";24;83265;351
"201904190e";"C";24;55290;351
"201904190e";"D";24;67493;351
"201904190e";"E";24;53019;351
"201904190e";"F";24;83257;351
"201904190e";"G";24;55294;351
"201904190e";"H";24;67503;351
"201904190e";"I";24;53027;351
"201904190e";"J";24;83266;351
"201904190e";"K";24;55288;351
"201904190e";"L";24;67495;351
"201904190e";"M";24;53028;351
"201904190e";"N";24;83254;351
"201904190e";"O";24;55287;351
"201904190e";"P";24;67496;351
"201904190f";"A";1;146831;395
"201904190f";"B";1;140860;395
"201904190f";"C";1;138688;395
"201904190f";"D";1;141634;395
"201904190f";"E";1;146827;395
"201904190f";"F";1;140864;395
"201904190f";"G";1;138702;395
"201904190f";"H";1;141635;395
"201904190f";"I";1;146827;395
"201904190f";"J";1;140859;395
"201904190f";"K";1;138692;395
"201904190f";"L";1;141639;395
"201904190f";"M";1;146825;395
"201904190f";"N";1;140862;395
"201904190f";"O";1;138693;395
"201904190f";"P";1;141636;395
"201904190f";"A";2;119126;395
"201904190f";"B";2;138138;395
"201904190f";"C";2;205782;395
"201904190f";"D";2;121004;395
"201904190f";"E";2;119131;395
"201904190f";"F";2;138137;395
"201904190f";"G";2;205780;395
"201904190f";"H";2;121007;395
"201904190f";"I";2;119130;395
"201904190f";"J";2;138138;395
"201904190f";"K";2;205784;395
"201904190f";"L";2;121013;395
"201904190f";"M";2;119135;395
"201904190f";"N";2;138134;395
"201904190f";"O";2;205792;395
"201904190f";"P";2;121010;395
"201904190f";"A";3;146833;395
"201904190f";"B";3;140856;395
"201904190f";"C";3;138695;395
"201904190f";"D";3;141640;395
"201904190f";"E";3;146824;395
"201904190f";"F";3;140860;395
"201904190f";"G";3;138697;395
"201904190f";"H";3;141639;395
"201904190f";"I";3;146834;395
"201904190f";"J";3;140863;395
"201904190f";"K";3;138701;395
"201904190f";"L";3;141636;395
"201904190f";"M";3;146824;395
"201904190f";"N";3;140861;395
"201904190f";"O";3;138696;395
"201904190f";"P";3;141641;395
"201904190f";"A";4;119121;395
"201904190f";"B";4;138135;395
"201904190f";"C";4;205789;395
"201904190f";"D";4;121016;395
"201904190f";"E";4;119128;395
"201904190f";"F";4;138129;395
"201904190f";"G";4;205783;395
"201904190f";"H";4;121017;395
"201904190f";"I";4;119127;395
"201904190f";"J";4;138134;395
"201904190f";"K";4;205792;395
"201904190f";"L";4;121013;395
"201904190f";"M";4;119127;395
"201904190f";"N";4;138141;395
"201904190f";"O";4;205782;395
"201904190f";"P";4;121007;395
"201904190f";"A";5;146820;395
"201904190f";"B";5;140861;395
"201904190f";"C";5;138689;395
"201904190f";"D";5;141632;395
"201904190f";"E";5;146826;395
"201904190f";"F";5;140860;395
"201904190f";"G";5;138692;395
"201904190f";"H";5;141647;395
"201904190f";"I";5;146820;395
"201904190f";"J";5;140858;395
"201904190f";"K";5;138691;395
"201904190f";"L";5;141638;395
"201904190f";"M";5;146829;395
"201904190f";"N";5;140856;395
"201904190f";"O";5;138698;395
"201904190f";"P";5;141635;395
"201904190f";"A";6;119133;395
"201904190f";"B";6;138130;395
"201904190f";"C";6;205783;395
"201904190f";"D";6;121010;395
"201904190f";"E";6;119130;395
"201904190f";"F";6;138142;395
"201904190f";"G";6;205789;395
"201904190f";"H";6;121006;395
"201904190f";"I";6;119128;395
"201904190f";"J";6;138141;395
"201904190f";"K";6;205789;395
"201904190f";"L";6;121004;395
"201904190f";"M";6;119129;395
"201904190f";"N";6;138139;395
"201904190f";"O";6;205790;395
"201904190f";"P";6;121007;395
"201904190f";"A";7;146819;395
"201904190f";"B";7;140865;395
"201904190f";"C";7;138702;395
"201904190f";"D";7;141637;395
"201904190f";"E";7;146827;395
"201904190f";"F";7;140865;395
"201904190f";"G";7;138696;395
"201904190f";"H";7;141632;395
"201904190f";"I";7;146825;395
"201904190f";"J";7;140859;395
"201904190f";"K";7;138695;395
"201904190f";"L";7;141643;395
"201904190f";"M";7;146832;395
"201904190f";"N";7;140861;395
"201904190f";"O";7;138689;395
"201904190f";"P";7;141634;395
"201904190f";"A";8;119132;395
"201904190f";"B";8;138134;395
"201904190f";"C";8;205785;395
"201904190f";"D";8;121006;395
"201904190f";"E";8;119136;395
"201904190f";"F";8;138134;395
"201904190f";"G";8;205788;395
"201904190f";"H";8;121011;395
"201904190f";"I";8;119133;395
"201904190f";"J";8;138137;395
"201904190f";"K";8;205785;395
"201904190f";"L";8;121006;395
"201904190f";"M";8;119122;395
"201904190f";"N";8;138129;395
"201904190f";"O";8;205787;395
"201904190f";"P";8;121017;395
"201904190f";"A";9;146825;395
"201904190f";"B";9;140856;395
"201904190f";"C";9;138693;395
"201904190f";"D";9;141639;395
"201904190f";"E";9;146831;395
"201904190f";"F";9;140865;395
"201904190f";"G";9;138700;395
"201904190f";"H";9;141637;395
"201904190f";"I";9;146823;395
"201904190f";"J";9;140855;395
"201904190f";"K";9;138699;395
"201904190f";"L";9;141647;395
"201904190f";"M";9;146826;395
"201904190f";"N";9;140861;395
"201904190f";"O";9;138699;395
"201904190f";"P";9;141641;395
"201904190f";"A";10;119126;395
"201904190f";"B";10;138132;395
"201904190f";"C";10;205793;395
"201904190f";"D";10;121015;395
"201904190f";"E";10;119131;395
"201904190f";"F";10;138138;395
"201904190f";"G";10;205779;395
"201904190f";"H";10;121004;395
"201904190f";"I";10;119131;395
"201904190f";"J";10;138136;395
"201904190f";"K";10;205781;395
"201904190f";"L";10;121007;395
"201904190f";"M";10;119130;395
"201904190f";"N";10;138131;395
"201904190f";"O";10;205782;395
"201904190f";"P";10;121012;395
"201904190f";"A";11;146834;395
"201904190f";"B";11;140863;395
"201904190f";"C";11;138689;395
"201904190f";"D";11;141635;395
"201904190f";"E";11;146821;395
"201904190f";"F";11;140860;395
"201904190f";"G";11;138700;395
"201904190f";"H";11;141643;395
"201904190f";"I";11;146833;395
"201904190f";"J";11;140861;395
"201904190f";"K";11;138693;395
"201904190f";"L";11;141639;395
"201904190f";"M";11;146821;395
"201904190f";"N";11;140863;395
"201904190f";"O";11;138700;395
"201904190f";"P";11;141636;395
"201904190f";"A";12;119129;395
"201904190f";"B";12;138135;395
"201904190f";"C";12;205784;395
"201904190f";"D";12;121015;395
"201904190f";"E";12;119131;395
"201904190f";"F";12;138139;395
"201904190f";"G";12;205783;395
"201904190f";"H";12;121017;395
"201904190f";"I";12;119128;395
"201904190f";"J";12;138133;395
"201904190f";"K";12;205780;395
"201904190f";"L";12;121014;395
"201904190f";"M";12;119135;395
"201904190f";"N";12;138130;395
"201904190f";"O";12;205792;395
"201904190f";"P";12;121007;395
"201904190f";"A";13;146827;395
"201904190f";"B";13;140866;395
"201904190f";"C";13;138693;395
"201904190f";"D";13;141647;395
"201904190f";"E";13;146827;395
"201904190f";"F";13;140861;395
"201904190f";"G";13;138696;395
"201904190f";"H";13;141634;395
"201904190f";"I";13;146832;395
"201904190f";"J";13;140866;395
"201904190f";"K";13;138691;395
"201904190f";"L";13;141635;395
"201904190f";"M";13;146829;395
"201904190f";"N";13;140855;395
"201904190f";"O";13;138699;395
"201904190f";"P";13;141638;395
"201904190f";"A";14;119130;395
"201904190f";"B";14;138135;395
"201904190f";"C";14;205790;395
"201904190f";"D";14;121015;395
"201904190f";"E";14;119133;395
"201904190f";"F";14;138132;395
"201904190f";"G";14;205792;395
"201904190f";"H";14;121008;395
"201904190f";"I";14;119133;395
"201904190f";"J";14;138131;395
"201904190f";"K";14;205789;395
"201904190f";"L";14;121017;395
"201904190f";"M";14;119133;395
"201904190f";"N";14;138137;395
"201904190f";"O";14;205784;395
"201904190f";"P";14;121005;395
"201904190f";"A";15;146822;395
"201904190f";"B";15;140860;395
"201904190f";"C";15;138695;395
"201904190f";"D";15;141641;395
"201904190f";"E";15;146826;395
"201904190f";"F";15;140858;395
"201904190f";"G";15;138694;395
"201904190f";"H";15;141636;395
"201904190f";"I";15;146829;395
"201904190f";"J";15;140866;395
"201904190f";"K";15;138693;395
"201904190f";"L";15;141644;395
"201904190f";"M";15;146832;395
"201904190f";"N";15;140860;395
"201904190f";"O";15;138702;395
"201904190f";"P";15;141633;395
"201904190f";"A";16;119128;395
"201904190f";"B";16;138138;395
"201904190f";"C";16;205782;395
"201904190f";"D";16;121013;395
"201904190f";"E";16;119121;395
"201904190f";"F";16;138139;395
"201904190f";"G";16;205788;395
"201904190f";"H";16;121007;395
"201904190f";"I";16;119126;395
"201904190f";"J";16;138128;395
"201904190f";"K";16;205789;395
"201904190f";"L";16;121013;395
"201904190f";"M";16;119121;395
"201904190f";"N";16;138130;395
"201904190f";"O";16;205783;395
"201904190f";"P";16;121012;395
"201904190f";"A";17;146824;395
"201904190f";"B";17;140868;395
"201904190f";"C";17;138702;395
"201904190f";"D";17;141644;395
"201904190f";"E";17;146831;395
"201904190f";"F";17;140854;395
"201904190f";"G";17;138695;395
"201904190f";"H";17;141642;395
"201904190f";"I";17;146823;395
"201904190f";"J";17;140858;395
"201904190f";"K";17;138688;395
"201904190f";"L";17;141644;395
"201904190f";"M";17;146826;395
"201904190f";"N";17;140864;395
"201904190f";"O";17;138688;395
"201904190f";"P";17;141646;395
"201904190f";"A";18;119132;395
"201904190f";"B";18;138141;395
"201904190f";"C";18;205780;395
"201904190f";"D";18;121012;395
"201904190f";"E";18;119121;395
"201904190f";"F";18;138137;395
"201904190f";"G";18;205786;395
"201904190f";"H";18;121012;395
"201904190f";"I";18;119131;395
"201904190f";"J";18;138137;395
"201904190f";"K";18;205793;395
"201904190f";"L";18;121017;395
"201904190f";"M";18;119129;395
"201904190f";"N";18;138129;395
"201904190f";"O";18;205785;395
"201904190f";"P";18;121017;395
"201904190f";"A";19;146831;395
"201904190f";"B";19;140860;395
"201904190f";"C";19;138688;395
"201904190f";"D";19;141636;395
"201904190f";"E";19;146831;395
"201904190f";"F";19;140864;395
"201904190f";"G";19;138689;395
"201904190f";"H";19;141641;395
"201904190f";"I";19;146826;395
"201904190f";"J";19;140868;395
"201904190f";"K";19;138689;395
"201904190f";"L";19;141642;395
"201904190f";"M";19;146829;395
"201904190f";"N";19;140856;395
"201904190f";"O";19;138698;395
"201904190f";"P";19;141637;395
"201904190f";"A";20;119121;395
"201904190f";"B";20;138140;395
"201904190f";"C";20;205783;395
"201904190f";"D";20;121007;395
"201904190f";"E";20;119124;395
"201904190f";"F";20;138140;395
"201904190f";"G";20;205786;395
"201904190f";"H";20;121009;395
"201904190f";"I";20;119132;395
"201904190f";"J";20;138131;395
"201904190f";"K";20;205784;395
"201904190f";"L";20;121008;395
"201904190f";"M";20;119125;395
"201904190f";"N";20;138140;395
"201904190f";"O";20;205782;395
"201904190f";"P";20;121012;395
"201904190f";"A";21;146819;395
"201904190f";"B";21;140862;395
"201904190f";"C";21;138692;395
"201904190f";"D";21;141633;395
"201904190f";"E";21;146829;395
"201904190f";"F";21;140866;395
"201904190f";"G";21;138687;395
"201904190f";"H";21;141637;395
"201904190f";"I";21;146828;395
"201904190f";"J";21;140862;395
"201904190f";"K";21;138697;395
"201904190f";"L";21;141645;395
"201904190f";"M";21;146823;395
"201904190f";"N";21;140857;395
"201904190f";"O";21;138699;395
"201904190f";"P";21;141636;395
"201904190f";"A";22;119128;395
"201904190f";"B";22;138141;395
"201904190f";"C";22;205783;395
"201904190f";"D";22;121010;395
"201904190f";"E";22;119135;395
"201904190f";"F";22;138132;395
"201904190f";"G";22;205781;395
"201904190f";"H";22;121010;395
"201904190f";"I";22;119124;395
"201904190f";"J";22;138138;395
"201904190f";"K";22;205784;395
"201904190f";"L";22;121014;395
"201904190f";"M";22;119133;395
"201904190f";"N";22;138136;395
"201904190f";"O";22;205788;395
"201904190f";"P";22;121016;395
"201904190f";"A";23;146820;395
"201904190f";"B";23;140865;395
"201904190f";"C";23;138690;395
"201904190f";"D";23;141644;395
"201904190f";"E";23;146820;395
"201904190f";"F";23;140864;395
"201904190f";"G";23;138701;395
"201904190f";"H";23;141640;395
"201904190f";"I";23;146834;395
"201904190f";"J";23;140868;395
"201904190f";"K";23;138691;395
"201904190f";"L";23;141639;395
"201904190f";"M";23;146823;395
"201904190f";"N";23;140865;395
"201904190f";"O";23;138694;395
"201904190f";"P";23;141639;395
"201904190f";"A";24;119135;395
"201904190f";"B";24;138129;395
"201904190f";"C";24;205779;395
"201904190f";"D";24;121014;395
"201904190f";"E";24;119127;395
"201904190f";"F";24;138128;395
"201904190f";"G";24;205787;395
"201904190f";"H";24;121009;395
"201904190f";"I";24;119127;395
"201904190f";"J";24;138132;395
"201904190f";"K";24;205790;395
"201904190f";"L";24;121010;395
"201904190f";"M";24;119126;395
"201904190f";"N";24;138138;395
"201904190f";"O";24;205790;395
"201904190f";"P";24;121013;395
