Barcode	WellRow	WellColumn	ReadoutValue	BackgroundValue
Plate1	C	3	93.2177606451669	1
Plate1	C	4	58.9361961337272	1
Plate1	C	5	101.01293226895	1
Plate1	C	6	58.2948417537846	1
Plate1	C	7	58.7180937998928	1
Plate1	C	8	88.8749500701993	1
Plate1	C	9	95.7304314831026	1
Plate1	C	10	43.60843203892	1
Plate1	C	11	101.093730573379	1
Plate1	C	12	70.5703185582281	1
Plate1	C	13	71.9163554533534	1
Plate1	C	14	58.9037073722575	1
Plate1	C	15	84.2604529113115	1
Plate1	C	16	63.9146444996746	1
Plate1	C	17	91.7328656268218	1
Plate1	C	18	58.6051403935999	1
Plate1	C	19	58.2691770945676	1
Plate1	C	20	70.4811975872472	1
Plate1	C	21	55.527882500521	1
Plate1	C	22	66.2480814826017	1
Plate1	D	3	43.7993797825184	1
Plate1	D	4	71.3041774297217	1
Plate1	D	5	57.8763266823925	1
Plate1	D	6	98.5148761785908	1
Plate1	D	7	75.967008144088	1
Plate1	D	8	96.1270171383868	1
Plate1	D	9	101.556664819466	1
Plate1	D	10	75.2569922851147	1
Plate1	D	11	59.6261939543788	1
Plate1	D	12	71.6242637353046	1
Plate1	D	13	43.8303955898155	1
Plate1	D	14	71.6830520542514	1
Plate1	D	15	101.236560315027	1
Plate1	D	16	101.275056445375	1
Plate1	D	17	57.5102982361755	1
Plate1	D	18	58.3590820909012	1
Plate1	D	19	86.6289336538245	1
Plate1	D	20	51.3146757566859	1
Plate1	D	21	58.4580113161355	1
Plate1	D	22	101.589380107105	1
Plate1	E	3	63.1743539034401	1
Plate1	E	4	101.525156068372	1
Plate1	E	5	58.2453178579453	1
Plate1	E	6	87.2288692887478	1
Plate1	E	7	58.8130516281817	1
Plate1	E	8	71.0612396792547	1
Plate1	E	9	63.0930927799096	1
Plate1	E	10	73.975248688013	1
Plate1	E	11	52.0301275665873	1
Plate1	E	12	79.7183894389216	1
Plate1	E	13	75.0910775028792	1
Plate1	E	14	86.7338127225515	1
Plate1	E	15	66.2538290950714	1
Plate1	E	16	101.060594746611	1
Plate1	E	17	84.2445158890141	1
Plate1	E	18	75.774843817048	1
Plate1	E	19	73.6166988107042	1
Plate1	E	20	86.4537953757391	1
Plate1	E	21	42.7375792175163	1
Plate1	E	22	58.9884008569643	1
Plate1	F	3	81.7775813760676	1
Plate1	F	4	58.3087412202731	1
Plate1	F	5	43.4391848873347	1
Plate1	F	6	94.7666129342751	1
Plate1	F	7	64.0439976274346	1
Plate1	F	8	94.7128961774898	1
Plate1	F	9	81.0610443524694	1
Plate1	F	10	90.4824276996069	1
Plate1	F	11	56.1966058734107	1
Plate1	F	12	76.8270110495435	1
Plate1	F	13	57.5523844105102	1
Plate1	F	14	101.198594712419	1
Plate1	F	15	101.904469687594	1
Plate1	F	16	101.83188609453	1
Plate1	F	17	101.711669336539	1
Plate1	F	18	94.8578508189885	1
Plate1	F	19	62.2610950535264	1
Plate1	F	20	101.756306428462	1
Plate1	F	21	101.383561633139	1
Plate1	F	22	91.8432913345769	1
Plate1	G	3	95.9389661584909	1
Plate1	G	4	100.349096099398	1
Plate1	G	5	68.6387707370333	1
Plate1	G	6	101.041530011733	1
Plate1	G	7	43.5261528657284	1
Plate1	G	8	79.0841532388554	1
Plate1	G	9	101.233903821046	1
Plate1	G	10	58.2200428012293	1
Plate1	G	11	82.3620440903019	1
Plate1	G	12	101.915002047363	1
Plate1	G	13	55.0757489672388	1
Plate1	G	14	77.128486970258	1
Plate1	G	15	59.6534956710972	1
Plate1	G	16	71.660425330082	1
Plate1	G	17	95.2937098523607	1
Plate1	G	18	57.0937096716803	1
Plate1	G	19	71.4339611963608	1
Plate1	G	20	100.375789916573	1
Plate1	G	21	87.7736419788091	1
Plate1	G	22	55.4706938186934	1
Plate1	H	3	101.109359781793	1
Plate1	H	4	43.6357157459728	1
Plate1	H	5	76.5938311822544	1
Plate1	H	6	101.394747708229	1
Plate1	H	7	101.894864853267	1
Plate1	H	8	58.9489586453419	1
Plate1	H	9	71.3679981311629	1
Plate1	H	10	78.0799318716899	1
Plate1	H	11	78.4519313366005	1
Plate1	H	12	101.194768455006	1
Plate1	H	13	72.4035553775924	1
Plate1	H	14	58.6507852040231	1
Plate1	H	15	101.683276961836	1
Plate1	H	16	101.229721640024	1
Plate1	H	17	75.4971969506917	1
Plate1	H	18	101.335106960057	1
Plate1	H	19	75.574325322003	1
Plate1	H	20	72.6916897212562	1
Plate1	H	21	100.715468220983	1
Plate1	H	22	78.6426243772117	1
Plate1	I	3	101.601758809806	1
Plate1	I	4	99.346636183297	1
Plate1	I	5	43.9206363093108	1
Plate1	I	6	71.1026742717234	1
Plate1	I	7	101.690726003013	1
Plate1	I	8	94.4360544997733	1
Plate1	I	9	73.8129449000517	1
Plate1	I	10	95.5254102634139	1
Plate1	I	11	89.8347386204214	1
Plate1	I	12	101.255316460189	1
Plate1	I	13	78.2778976744026	1
Plate1	I	14	71.3979008132621	1
Plate1	I	15	101.382519975775	1
Plate1	I	16	43.7042078075465	1
Plate1	I	17	101.201062765988	1
Plate1	I	18	75.2726704004196	1
Plate1	I	19	58.6945138175506	1
Plate1	I	20	58.2084079601336	1
Plate1	I	21	101.064901309786	1
Plate1	I	22	95.8713647940724	1
Plate1	J	3	46.4195228302825	1
Plate1	J	4	43.3739653832745	1
Plate1	J	5	101.832762710751	1
Plate1	J	6	73.7798263360787	1
Plate1	J	7	58.0048021106049	1
Plate1	J	8	95.8749194494168	1
Plate1	J	9	43.8919127350673	1
Plate1	J	10	58.7388383210637	1
Plate1	J	11	87.1139475974382	1
Plate1	J	12	43.5328956029844	1
Plate1	J	13	58.9716105177067	1
Plate1	J	14	81.9620258479845	1
Plate1	J	15	43.4668251371477	1
Plate1	J	16	59.7521116179437	1
Plate1	J	17	43.6190411816351	1
Plate1	J	18	96.9460062411155	1
Plate1	J	19	101.738016802455	1
Plate1	J	20	101.651140859273	1
Plate1	J	21	100.658187828132	1
Plate1	J	22	95.9282175655871	1
Plate1	K	3	82.2492930187871	1
Plate1	K	4	101.174067953524	1
Plate1	K	5	70.001708805361	1
Plate1	K	6	100.162531532931	1
Plate1	K	7	43.4410612809006	1
Plate1	K	8	74.4100711148245	1
Plate1	K	9	82.2856131201158	1
Plate1	K	10	43.9454311288428	1
Plate1	K	11	54.7354101972571	1
Plate1	K	12	75.6412138429628	1
Plate1	K	13	100.63121769742	1
Plate1	K	14	72.3329489076739	1
Plate1	K	15	101.018036500251	1
Plate1	K	16	98.4472766735605	1
Plate1	K	17	43.8924138962757	1
Plate1	K	18	44.5909096116842	1
Plate1	K	19	101.4440132007	1
Plate1	K	20	43.0348305283114	1
Plate1	K	21	84.3304902557955	1
Plate1	K	22	95.3674177891775	1
Plate1	L	3	59.9835791054159	1
Plate1	L	4	76.0166702369814	1
Plate1	L	5	78.3254195420855	1
Plate1	L	6	54.3466931846204	1
Plate1	L	7	101.415458620996	1
Plate1	L	8	101.633943191366	1
Plate1	L	9	95.3905512528499	1
Plate1	L	10	58.4469463746063	1
Plate1	L	11	62.5490111983023	1
Plate1	L	12	72.6867629013454	1
Plate1	L	13	67.0060490643283	1
Plate1	L	14	76.6740868288339	1
Plate1	L	15	58.8171303879935	1
Plate1	L	16	81.6719048650975	1
Plate1	L	17	101.872997493849	1
Plate1	L	18	101.515696088504	1
Plate1	L	19	88.8158779852141	1
Plate1	L	20	91.526865126696	1
Plate1	L	21	101.226254803025	1
Plate1	L	22	88.1795170575239	1
Plate1	M	3	43.1875437360723	1
Plate1	M	4	58.5947267424781	1
Plate1	M	5	101.940827457011	1
Plate1	M	6	78.3505104326628	1
Plate1	M	7	101.552039882214	1
Plate1	M	8	58.2118533744942	1
Plate1	M	9	43.1240494675003	1
Plate1	M	10	55.8048123965273	1
Plate1	M	11	97.917447440103	1
Plate1	M	12	96.3625293002471	1
Plate1	M	13	86.5991620111013	1
Plate1	M	14	101.03031053883	1
Plate1	M	15	77.0843869128341	1
Plate1	M	16	100.607759215523	1
Plate1	M	17	101.036737626989	1
Plate1	M	18	70.7636432385969	1
Plate1	M	19	64.2515883773875	1
Plate1	M	20	43.7902861000039	1
Plate1	M	21	75.8980470135583	1
Plate1	M	22	58.5225088011939	1
Plate1	N	3	44.1089761941077	1
Plate1	N	4	67.4783558558186	1
Plate1	N	5	75.4177364073424	1
Plate1	N	6	75.8727579087962	1
Plate1	N	7	43.4295105212368	1
Plate1	N	8	101.058525203587	1
Plate1	N	9	43.4177474549506	1
Plate1	N	10	101.812602611181	1
Plate1	N	11	43.3273697975092	1
Plate1	N	12	82.4783851940929	1
Plate1	N	13	80.7626767718699	1
Plate1	N	14	65.0673483798333	1
Plate1	N	15	43.0046278957743	1
Plate1	N	16	58.027430413058	1
Plate1	N	17	101.068872463657	1
Plate1	N	18	89.171850504137	1
Plate1	N	19	43.3305136817507	1
Plate1	N	20	43.8933998292778	1
Plate1	N	21	91.5222553987268	1
Plate1	N	22	58.0492191372905	1
Plate2	C	3	58.6981809786521	1
Plate2	C	4	101.06307290825	1
Plate2	C	5	88.6987614329022	1
Plate2	C	6	98.2805133427805	1
Plate2	C	7	101.34062416316	1
Plate2	C	8	91.270709583824	1
Plate2	C	9	86.612240905251	1
Plate2	C	10	73.2754759230697	1
Plate2	C	11	95.009055859503	1
Plate2	C	12	81.9798333856743	1
Plate2	C	13	42.6370196965711	1
Plate2	C	14	43.1890039730351	1
Plate2	C	15	44.8944661095524	1
Plate2	C	16	43.0716781651136	1
Plate2	C	17	58.2124390760437	1
Plate2	C	18	99.2744587532566	1
Plate2	C	19	58.6405278975144	1
Plate2	C	20	58.1842489179689	1
Plate2	C	21	58.7142525392119	1
Plate2	C	22	87.3656284179746	1
Plate2	D	3	70.7293542725	1
Plate2	D	4	101.669570806715	1
Plate2	D	5	86.4864521479919	1
Plate2	D	6	100.763597148703	1
Plate2	D	7	98.724415743202	1
Plate2	D	8	86.1821626864549	1
Plate2	D	9	72.8654711075458	1
Plate2	D	10	43.2124181662221	1
Plate2	D	11	76.099470554374	1
Plate2	D	12	76.5692485241888	1
Plate2	D	13	64.7238830330161	1
Plate2	D	14	58.1241145545867	1
Plate2	D	15	64.7704075669985	1
Plate2	D	16	65.6837172951447	1
Plate2	D	17	43.2602911811815	1
Plate2	D	18	76.4555674720369	1
Plate2	D	19	99.1958224550411	1
Plate2	D	20	43.6212345841341	1
Plate2	D	21	101.342353112755	1
Plate2	D	22	89.0611450852243	1
Plate2	E	3	93.9584502502722	1
Plate2	E	4	43.1051007476635	1
Plate2	E	5	101.135639514419	1
Plate2	E	6	70.87354325703	1
Plate2	E	7	43.1548901645001	1
Plate2	E	8	99.3884062720688	1
Plate2	E	9	43.6292928205803	1
Plate2	E	10	59.912213319398	1
Plate2	E	11	58.219672904117	1
Plate2	E	12	63.9984334252236	1
Plate2	E	13	43.0454289547633	1
Plate2	E	14	94.0695810063959	1
Plate2	E	15	89.8750811040624	1
Plate2	E	16	81.6587887741625	1
Plate2	E	17	66.2286092494859	1
Plate2	E	18	43.2824070302304	1
Plate2	E	19	58.2045963029377	1
Plate2	E	20	57.2827631502284	1
Plate2	E	21	67.6554043276132	1
Plate2	E	22	101.90131817908	1
Plate2	F	3	66.6829407474549	1
Plate2	F	4	43.046683707973	1
Plate2	F	5	101.589819743767	1
Plate2	F	6	101.878225954953	1
Plate2	F	7	71.6432534801336	1
Plate2	F	8	82.4747197445382	1
Plate2	F	9	44.0317805419467	1
Plate2	F	10	54.2638247297991	1
Plate2	F	11	86.4705245491827	1
Plate2	F	12	43.5077746754978	1
Plate2	F	13	88.1353523755121	1
Plate2	F	14	71.0027114856085	1
Plate2	F	15	43.0207127884496	1
Plate2	F	16	76.6713714178219	1
Plate2	F	17	43.8518148714211	1
Plate2	F	18	79.0580614929717	1
Plate2	F	19	64.7400402407089	1
Plate2	F	20	76.257125333574	1
Plate2	F	21	94.7364349713089	1
Plate2	F	22	73.0941767636162	1
Plate2	G	3	71.1681610526906	1
Plate2	G	4	101.890590251423	1
Plate2	G	5	43.641977854073	1
Plate2	G	6	82.3368206259808	1
Plate2	G	7	76.957144092838	1
Plate2	G	8	92.8835695819184	1
Plate2	G	9	71.2735522073422	1
Plate2	G	10	98.7552496923651	1
Plate2	G	11	100.243364429129	1
Plate2	G	12	101.70333756595	1
Plate2	G	13	96.7537570930639	1
Plate2	G	14	101.453284744306	1
Plate2	G	15	58.6749799128872	1
Plate2	G	16	58.9851578045636	1
Plate2	G	17	65.7581018915763	1
Plate2	G	18	98.7673395847523	1
Plate2	G	19	88.6646893278554	1
Plate2	G	20	62.3037961517565	1
Plate2	G	21	43.2296005731914	1
Plate2	G	22	58.854045734508	1
Plate2	H	3	43.6667162328959	1
Plate2	H	4	43.5648240682203	1
Plate2	H	5	58.1635552539956	1
Plate2	H	6	58.3401352968067	1
Plate2	H	7	79.2532681426352	1
Plate2	H	8	51.0226357652093	1
Plate2	H	9	87.0396116523841	1
Plate2	H	10	58.2835324595217	1
Plate2	H	11	58.175394281745	1
Plate2	H	12	43.2987319370732	1
Plate2	H	13	58.3548604445532	1
Plate2	H	14	81.5615852467634	1
Plate2	H	15	99.022329333405	1
Plate2	H	16	58.7916659312323	1
Plate2	H	17	58.1865540710278	1
Plate2	H	18	98.6874639027864	1
Plate2	H	19	53.7196953891797	1
Plate2	H	20	58.0445038164034	1
Plate2	H	21	43.9114171564579	1
Plate2	H	22	72.5932442337321	1
Plate2	I	3	78.8305343725238	1
Plate2	I	4	43.8329925020225	1
Plate2	I	5	43.785995967919	1
Plate2	I	6	43.6558993421495	1
Plate2	I	7	63.9778232424447	1
Plate2	I	8	58.7815735174809	1
Plate2	I	9	64.6453709247449	1
Plate2	I	10	58.7266925415024	1
Plate2	I	11	76.8044722581329	1
Plate2	I	12	101.883023911922	1
Plate2	I	13	90.5335775847304	1
Plate2	I	14	43.0605264140759	1
Plate2	I	15	43.96101145586	1
Plate2	I	16	88.5651076817344	1
Plate2	I	17	71.1265089645244	1
Plate2	I	18	54.7423877676698	1
Plate2	I	19	43.0304789582733	1
Plate2	I	20	95.9265209032285	1
Plate2	I	21	101.266237670857	1
Plate2	I	22	61.8403218521127	1
Plate2	J	3	70.3767019704069	1
Plate2	J	4	68.1668512788032	1
Plate2	J	5	64.4983457433836	1
Plate2	J	6	64.719158290785	1
Plate2	J	7	58.5604566221591	1
Plate2	J	8	96.4642699378084	1
Plate2	J	9	86.7196725506536	1
Plate2	J	10	101.822782703545	1
Plate2	J	11	76.7900834963222	1
Plate2	J	12	58.9545004339889	1
Plate2	J	13	99.9403098260756	1
Plate2	J	14	65.859417595813	1
Plate2	J	15	100.885009312233	1
Plate2	J	16	70.0016965922736	1
Plate2	J	17	64.0239097044265	1
Plate2	J	18	43.0126544323284	1
Plate2	J	19	93.0083680169191	1
Plate2	J	20	95.7315770534087	1
Plate2	J	21	43.7677676945459	1
Plate2	J	22	88.4290233090105	1
Plate2	K	3	72.5114404856093	1
Plate2	K	4	101.348516460066	1
Plate2	K	5	101.189375313465	1
Plate2	K	6	63.928995718128	1
Plate2	K	7	73.6917682122919	1
Plate2	K	8	99.0026300067548	1
Plate2	K	9	43.7987523179036	1
Plate2	K	10	76.2486281419576	1
Plate2	K	11	84.3987430627228	1
Plate2	K	12	66.2114748237899	1
Plate2	K	13	65.5922719404815	1
Plate2	K	14	101.259130600063	1
Plate2	K	15	100.351829805609	1
Plate2	K	16	94.4991720522966	1
Plate2	K	17	88.8654559362562	1
Plate2	K	18	58.7889649411663	1
Plate2	K	19	101.293758433933	1
Plate2	K	20	43.6000715733971	1
Plate2	K	21	74.238952174554	1
Plate2	K	22	43.5333590689115	1
Plate2	L	3	58.6133331202436	1
Plate2	L	4	101.282908898313	1
Plate2	L	5	71.0398748868229	1
Plate2	L	6	72.8891554129115	1
Plate2	L	7	76.73695806131	1
Plate2	L	8	58.0230050436221	1
Plate2	L	9	67.4569132020572	1
Plate2	L	10	58.3902396694757	1
Plate2	L	11	43.4346811512951	1
Plate2	L	12	51.0017572429054	1
Plate2	L	13	43.9074777869973	1
Plate2	L	14	97.8547691787141	1
Plate2	L	15	66.326736604702	1
Plate2	L	16	62.1000494945649	1
Plate2	L	17	101.276344906882	1
Plate2	L	18	99.9506683582665	1
Plate2	L	19	43.5024313919712	1
Plate2	L	20	84.1431824177661	1
Plate2	L	21	58.4083512092475	1
Plate2	L	22	66.9938661360892	1
Plate2	M	3	66.4692810926264	1
Plate2	M	4	101.292823028743	1
Plate2	M	5	70.6487289776589	1
Plate2	M	6	64.4567637444867	1
Plate2	M	7	73.598692245123	1
Plate2	M	8	43.3607402539346	1
Plate2	M	9	98.5478675843538	1
Plate2	M	10	43.0283633165527	1
Plate2	M	11	43.8407256409992	1
Plate2	M	12	67.0332124916429	1
Plate2	M	13	97.2948656625175	1
Plate2	M	14	70.129111505612	1
Plate2	M	15	72.3782148130001	1
Plate2	M	16	58.8398892562836	1
Plate2	M	17	64.2668539377788	1
Plate2	M	18	58.2232911020983	1
Plate2	M	19	99.2350210002065	1
Plate2	M	20	77.0109204896291	1
Plate2	M	21	88.6287528799954	1
Plate2	M	22	101.352313092211	1
Plate2	N	3	73.5854621136136	1
Plate2	N	4	87.2486370447336	1
Plate2	N	5	56.1798890168849	1
Plate2	N	6	64.8403585925543	1
Plate2	N	7	58.0538236789871	1
Plate2	N	8	58.9125912217423	1
Plate2	N	9	43.2539136977866	1
Plate2	N	10	97.5014127701866	1
Plate2	N	11	43.7873362216633	1
Plate2	N	12	76.3757793942676	1
Plate2	N	13	101.235333781925	1
Plate2	N	14	58.3101363927126	1
Plate2	N	15	66.7695520392939	1
Plate2	N	16	56.7653756458205	1
Plate2	N	17	53.5148000811252	1
Plate2	N	18	43.4955644945148	1
Plate2	N	19	55.1011584484363	1
Plate2	N	20	67.266751432929	1
Plate2	N	21	96.7027383643217	1
Plate2	N	22	58.7035081866197	1
Plate3	C	3	43.4285937366076	1
Plate3	C	4	66.2120367289158	1
Plate3	C	5	52.3324113166066	1
Plate3	C	6	45.0089880684225	1
Plate3	C	7	100.82522059696	1
Plate3	C	8	65.0643577136052	1
Plate3	C	9	101.863626531325	1
Plate3	C	10	101.200628154661	1
Plate3	C	11	43.6174361507874	1
Plate3	C	12	91.5746462910715	1
Plate3	C	13	58.1031965820584	1
Plate3	C	14	71.509356842685	1
Plate3	C	15	71.6243078688428	1
Plate3	C	16	54.8844570848151	1
Plate3	C	17	96.2565430624883	1
Plate3	C	18	51.4622404953218	1
Plate3	C	19	93.3304983433073	1
Plate3	C	20	58.9460362009704	1
Plate3	C	21	98.8260023503341	1
Plate3	C	22	43.7401032946073	1
Plate3	D	3	101.327145554591	1
Plate3	D	4	58.2462737064343	1
Plate3	D	5	85.5258547880223	1
Plate3	D	6	43.4153338649776	1
Plate3	D	7	100.9525049134	1
Plate3	D	8	71.5635503394239	1
Plate3	D	9	58.227093833033	1
Plate3	D	10	101.266534210309	1
Plate3	D	11	101.596877547447	1
Plate3	D	12	92.3150409602652	1
Plate3	D	13	67.9785293370826	1
Plate3	D	14	43.5513675971888	1
Plate3	D	15	62.6416253725438	1
Plate3	D	16	101.649934701722	1
Plate3	D	17	45.6870890830152	1
Plate3	D	18	53.5508576996848	1
Plate3	D	19	74.7092885918787	1
Plate3	D	20	91.8429820305668	1
Plate3	D	21	43.1856982316822	1
Plate3	D	22	101.653930499264	1
Plate3	E	3	100.286184540144	1
Plate3	E	4	43.6094263168052	1
Plate3	E	5	57.2011514296666	1
Plate3	E	6	99.9890372704528	1
Plate3	E	7	76.6620514654424	1
Plate3	E	8	43.4012847221456	1
Plate3	E	9	58.2880002085585	1
Plate3	E	10	64.955467344479	1
Plate3	E	11	81.1674860890833	1
Plate3	E	12	54.6810994915145	1
Plate3	E	13	87.2278167650502	1
Plate3	E	14	67.1675097341741	1
Plate3	E	15	88.2902389007615	1
Plate3	E	16	69.7113062928804	1
Plate3	E	17	58.4593482976779	1
Plate3	E	18	43.6819741750382	1
Plate3	E	19	58.557420847239	1
Plate3	E	20	75.3432504997629	1
Plate3	E	21	58.2321973728699	1
Plate3	E	22	101.043997620543	1
Plate3	F	3	100.693347062241	1
Plate3	F	4	71.9270339025654	1
Plate3	F	5	43.0236507018562	1
Plate3	F	6	43.420700699091	1
Plate3	F	7	58.180865926668	1
Plate3	F	8	99.1597724213917	1
Plate3	F	9	58.6777629421558	1
Plate3	F	10	65.5394322680558	1
Plate3	F	11	43.8793122421661	1
Plate3	F	12	56.5930148418885	1
Plate3	F	13	71.6752746391604	1
Plate3	F	14	61.9638630416417	1
Plate3	F	15	58.05388917448	1
Plate3	F	16	101.285694614519	1
Plate3	F	17	58.0640258099884	1
Plate3	F	18	72.834691595848	1
Plate3	F	19	43.0571535762865	1
Plate3	F	20	101.141074903319	1
Plate3	F	21	101.101441317937	1
Plate3	F	22	96.9358881428845	1
Plate3	G	3	101.011253587772	1
Plate3	G	4	100.44805804163	1
Plate3	G	5	58.800321329385	1
Plate3	G	6	58.7201034750324	1
Plate3	G	7	79.2126900420377	1
Plate3	G	8	100.206249001919	1
Plate3	G	9	101.802781650098	1
Plate3	G	10	51.2963657666217	1
Plate3	G	11	58.4693513016682	1
Plate3	G	12	79.752104975041	1
Plate3	G	13	97.2944449096467	1
Plate3	G	14	43.3921549634542	1
Plate3	G	15	58.2878412422724	1
Plate3	G	16	101.613874172709	1
Plate3	G	17	58.2082756997552	1
Plate3	G	18	100.529694104933	1
Plate3	G	19	96.008815802977	1
Plate3	G	20	101.842128806064	1
Plate3	G	21	43.4506572277751	1
Plate3	G	22	99.5855507628314	1
Plate3	H	3	101.32475304894	1
Plate3	H	4	71.0515753041956	1
Plate3	H	5	101.004341574145	1
Plate3	H	6	101.022739737217	1
Plate3	H	7	82.7695548882696	1
Plate3	H	8	73.9004529831478	1
Plate3	H	9	43.7617920762859	1
Plate3	H	10	101.289008876524	1
Plate3	H	11	95.8876874222973	1
Plate3	H	12	43.383103470318	1
Plate3	H	13	64.0182228515783	1
Plate3	H	14	66.1541682857195	1
Plate3	H	15	71.6911484217597	1
Plate3	H	16	81.6829554767361	1
Plate3	H	17	92.0012772506691	1
Plate3	H	18	58.8523756237701	1
Plate3	H	19	78.50027535221	1
Plate3	H	20	91.0648770593125	1
Plate3	H	21	71.7704272671986	1
Plate3	H	22	43.9008085513487	1
Plate3	I	3	71.6346108645906	1
Plate3	I	4	43.4129718374461	1
Plate3	I	5	43.395946393488	1
Plate3	I	6	43.6472263149917	1
Plate3	I	7	58.0639416994527	1
Plate3	I	8	90.6533166307469	1
Plate3	I	9	43.9308907196391	1
Plate3	I	10	78.9833311710359	1
Plate3	I	11	93.9420603976497	1
Plate3	I	12	101.01372796398	1
Plate3	I	13	98.6768361421729	1
Plate3	I	14	85.662893297151	1
Plate3	I	15	98.5499363592781	1
Plate3	I	16	66.6842385810113	1
Plate3	I	17	58.9425237230025	1
Plate3	I	18	58.3880518819205	1
Plate3	I	19	58.2261592978612	1
Plate3	I	20	96.6199151020038	1
Plate3	I	21	94.7620202534372	1
Plate3	I	22	71.4456580586471	1
Plate3	J	3	75.4896925636316	1
Plate3	J	4	55.0616698456875	1
Plate3	J	5	43.0084670413195	1
Plate3	J	6	58.0307010114193	1
Plate3	J	7	101.081245559423	1
Plate3	J	8	101.226595796404	1
Plate3	J	9	83.6249391080116	1
Plate3	J	10	101.078828066301	1
Plate3	J	11	101.331735440093	1
Plate3	J	12	55.6593191764397	1
Plate3	J	13	61.9404796747664	1
Plate3	J	14	58.5015615064185	1
Plate3	J	15	94.9315457377783	1
Plate3	J	16	96.1283696510082	1
Plate3	J	17	101.924167027721	1
Plate3	J	18	86.9893304701344	1
Plate3	J	19	58.9599112498108	1
Plate3	J	20	101.341127039432	1
Plate3	J	21	43.0249703514855	1
Plate3	J	22	76.3757756631093	1
Plate3	K	3	101.199324230067	1
Plate3	K	4	67.0354349848593	1
Plate3	K	5	54.0433768995522	1
Plate3	K	6	101.123700354583	1
Plate3	K	7	43.7008710135706	1
Plate3	K	8	75.6870563155546	1
Plate3	K	9	100.471636806584	1
Plate3	K	10	101.295204750495	1
Plate3	K	11	43.1466289313976	1
Plate3	K	12	57.2426620709819	1
Plate3	K	13	76.6107228420987	1
Plate3	K	14	77.1581872199651	1
Plate3	K	15	56.7177414459712	1
Plate3	K	16	43.8984216455398	1
Plate3	K	17	101.124757002573	1
Plate3	K	18	71.4215889006097	1
Plate3	K	19	58.0290888041941	1
Plate3	K	20	101.752272027855	1
Plate3	K	21	43.1762166562805	1
Plate3	K	22	96.294318718231	1
Plate3	L	3	72.0876841733253	1
Plate3	L	4	88.6413310878741	1
Plate3	L	5	64.0785794659911	1
Plate3	L	6	101.079963145537	1
Plate3	L	7	71.3388343697767	1
Plate3	L	8	101.19136629676	1
Plate3	L	9	58.7580382432789	1
Plate3	L	10	58.8441387179773	1
Plate3	L	11	58.7311371536925	1
Plate3	L	12	91.2765750950756	1
Plate3	L	13	94.645455488796	1
Plate3	L	14	58.7751434613019	1
Plate3	L	15	71.275758512696	1
Plate3	L	16	73.1115678689406	1
Plate3	L	17	58.2899100496434	1
Plate3	L	18	43.3982100072317	1
Plate3	L	19	55.9798722772789	1
Plate3	L	20	77.1688730781549	1
Plate3	L	21	101.631585872519	1
Plate3	L	22	98.4406110613327	1
Plate3	M	3	43.2957136149053	1
Plate3	M	4	58.4103870773688	1
Plate3	M	5	98.5952879538256	1
Plate3	M	6	44.4630283034589	1
Plate3	M	7	87.3450492183284	1
Plate3	M	8	58.7902505609673	1
Plate3	M	9	101.17834590859	1
Plate3	M	10	76.8412114980861	1
Plate3	M	11	71.0015192532065	1
Plate3	M	12	43.7643519360572	1
Plate3	M	13	43.1692261816934	1
Plate3	M	14	58.5470007462427	1
Plate3	M	15	43.1058772734832	1
Plate3	M	16	54.8285845907785	1
Plate3	M	17	58.2544936991762	1
Plate3	M	18	62.8699189842119	1
Plate3	M	19	101.044837195063	1
Plate3	M	20	98.1515802619159	1
Plate3	M	21	100.960313977433	1
Plate3	M	22	87.5243351248492	1
Plate3	N	3	62.2543272676732	1
Plate3	N	4	58.2707246651407	1
Plate3	N	5	99.9699713345896	1
Plate3	N	6	101.546848642562	1
Plate3	N	7	58.3945992190856	1
Plate3	N	8	101.560820203274	1
Plate3	N	9	65.4866227871225	1
Plate3	N	10	101.125673320114	1
Plate3	N	11	57.7674105006521	1
Plate3	N	12	101.950140507115	1
Plate3	N	13	100.189160474236	1
Plate3	N	14	44.4954006303939	1
Plate3	N	15	76.1833877349305	1
Plate3	N	16	66.5946392233262	1
Plate3	N	17	71.5281918182306	1
Plate3	N	18	91.4782051088754	1
Plate3	N	19	62.9497579755362	1
Plate3	N	20	58.8413041345775	1
Plate3	N	21	101.338491358899	1
Plate3	N	22	94.8730134797288	1
Plate4	C	3	101.695506616728	1
Plate4	C	4	43.3065735732671	1
Plate4	C	5	94.4467780057718	1
Plate4	C	6	78.51525554825	1
Plate4	C	7	82.8839639769429	1
Plate4	C	8	95.9515230973621	1
Plate4	C	9	81.8727342342467	1
Plate4	C	10	76.9686204512122	1
Plate4	C	11	101.671199021629	1
Plate4	C	12	87.5143494220916	1
Plate4	C	13	72.7652621496682	1
Plate4	C	14	101.130496287408	1
Plate4	C	15	100.4920622745	1
Plate4	C	16	43.2027186760679	1
Plate4	C	17	99.0955808550958	1
Plate4	C	18	82.8636069106529	1
Plate4	C	19	54.0966157257472	1
Plate4	C	20	101.635597850475	1
Plate4	C	21	58.4394213189371	1
Plate4	C	22	71.9205751173373	1
Plate4	D	3	101.169383513974	1
Plate4	D	4	100.779715057343	1
Plate4	D	5	64.0752795128079	1
Plate4	D	6	53.6282977672319	1
Plate4	D	7	78.2201535118005	1
Plate4	D	8	55.7048263518879	1
Plate4	D	9	101.545425805365	1
Plate4	D	10	54.6710453668465	1
Plate4	D	11	81.6526321828265	1
Plate4	D	12	58.0893562380224	1
Plate4	D	13	101.717402212833	1
Plate4	D	14	92.0117758896477	1
Plate4	D	15	101.954531705473	1
Plate4	D	16	58.2569865051191	1
Plate4	D	17	60.0395019232389	1
Plate4	D	18	71.6091695780575	1
Plate4	D	19	101.20678948774	1
Plate4	D	20	101.919518452692	1
Plate4	D	21	55.2529509345451	1
Plate4	D	22	43.3683120410424	1
Plate4	E	3	87.6898727929107	1
Plate4	E	4	66.9316004237984	1
Plate4	E	5	78.0725180687887	1
Plate4	E	6	99.6561510795952	1
Plate4	E	7	85.4531903918833	1
Plate4	E	8	58.829112004023	1
Plate4	E	9	98.1841431958697	1
Plate4	E	10	64.9964138394803	1
Plate4	E	11	99.2405739016831	1
Plate4	E	12	51.7785311985784	1
Plate4	E	13	65.9766515801934	1
Plate4	E	14	98.1865763530946	1
Plate4	E	15	101.284281478775	1
Plate4	E	16	72.5261847607619	1
Plate4	E	17	58.196150462376	1
Plate4	E	18	43.2656344058923	1
Plate4	E	19	71.186298008571	1
Plate4	E	20	44.6798281065571	1
Plate4	E	21	101.34895862303	1
Plate4	E	22	43.8896215236746	1
Plate4	F	3	58.1319153404329	1
Plate4	F	4	58.5689036203548	1
Plate4	F	5	101.835977952695	1
Plate4	F	6	89.9252179121356	1
Plate4	F	7	100.184601726737	1
Plate4	F	8	62.707973915628	1
Plate4	F	9	70.6765151791953	1
Plate4	F	10	52.4633250270611	1
Plate4	F	11	76.8705412377436	1
Plate4	F	12	100.059481109791	1
Plate4	F	13	71.1993660053451	1
Plate4	F	14	66.5955291658743	1
Plate4	F	15	58.2718395451084	1
Plate4	F	16	98.4290408560387	1
Plate4	F	17	58.0877310063224	1
Plate4	F	18	43.7921167727587	1
Plate4	F	19	79.0595117536692	1
Plate4	F	20	101.660546509308	1
Plate4	F	21	101.783216154212	1
Plate4	F	22	82.992233170638	1
Plate4	G	3	86.7980911116335	1
Plate4	G	4	85.7169998597897	1
Plate4	G	5	44.7983999376833	1
Plate4	G	6	71.2703528596592	1
Plate4	G	7	100.590749726363	1
Plate4	G	8	64.81727770435	1
Plate4	G	9	100.173804018533	1
Plate4	G	10	42.6113389628835	1
Plate4	G	11	94.3841785476294	1
Plate4	G	12	98.3647963831257	1
Plate4	G	13	101.179056100318	1
Plate4	G	14	101.036377421805	1
Plate4	G	15	101.332332440524	1
Plate4	G	16	58.6951447818428	1
Plate4	G	17	73.1139531751194	1
Plate4	G	18	101.059506648453	1
Plate4	G	19	79.1667330173008	1
Plate4	G	20	58.0263452932704	1
Plate4	G	21	63.8948476385718	1
Plate4	G	22	101.781357836447	1
Plate4	H	3	87.2419686603102	1
Plate4	H	4	73.2752169824257	1
Plate4	H	5	43.4313895588275	1
Plate4	H	6	66.12695973786	1
Plate4	H	7	53.1979524436427	1
Plate4	H	8	101.670525739185	1
Plate4	H	9	71.6999575835383	1
Plate4	H	10	101.39349407983	1
Plate4	H	11	71.5053596532533	1
Plate4	H	12	43.6339541980997	1
Plate4	H	13	43.9427512274124	1
Plate4	H	14	79.0118724561597	1
Plate4	H	15	91.880462789529	1
Plate4	H	16	96.7632898153332	1
Plate4	H	17	43.5645402937662	1
Plate4	H	18	57.2943033235723	1
Plate4	H	19	43.9808504730463	1
Plate4	H	20	43.4863982412498	1
Plate4	H	21	54.6693653009688	1
Plate4	H	22	55.3283340490279	1
Plate4	I	3	100.307643010872	1
Plate4	I	4	71.3785528341037	1
Plate4	I	5	85.4649293774351	1
Plate4	I	6	74.3817817759781	1
Plate4	I	7	43.7578248213977	1
Plate4	I	8	101.704427599908	1
Plate4	I	9	101.270238860277	1
Plate4	I	10	58.9970365632325	1
Plate4	I	11	76.0593703462539	1
Plate4	I	12	43.5644157687202	1
Plate4	I	13	101.261695371234	1
Plate4	I	14	101.197473506934	1
Plate4	I	15	43.9080460064579	1
Plate4	I	16	55.255267705244	1
Plate4	I	17	58.1351629397832	1
Plate4	I	18	43.6363811912015	1
Plate4	I	19	55.6898534693098	1
Plate4	I	20	101.719562772323	1
Plate4	I	21	43.3525068740548	1
Plate4	I	22	80.7645443122834	1
Plate4	J	3	86.7328043327329	1
Plate4	J	4	44.5384407152724	1
Plate4	J	5	81.3597843801584	1
Plate4	J	6	85.1348843520258	1
Plate4	J	7	101.858673387674	1
Plate4	J	8	58.6460740785114	1
Plate4	J	9	58.2937862658873	1
Plate4	J	10	43.7793853986077	1
Plate4	J	11	100.784226936513	1
Plate4	J	12	88.699099883403	1
Plate4	J	13	81.7682283427566	1
Plate4	J	14	43.3577929646708	1
Plate4	J	15	78.5911674594366	1
Plate4	J	16	101.735244061232	1
Plate4	J	17	67.1678080652268	1
Plate4	J	18	93.6184368281482	1
Plate4	J	19	92.0544270041521	1
Plate4	J	20	67.0795734210974	1
Plate4	J	21	71.0899323228084	1
Plate4	J	22	43.341174406698	1
Plate4	K	3	58.2251500170678	1
Plate4	K	4	101.558715178243	1
Plate4	K	5	58.2179035081062	1
Plate4	K	6	58.8566543599591	1
Plate4	K	7	72.4814627222747	1
Plate4	K	8	101.544337792688	1
Plate4	K	9	88.7465604199146	1
Plate4	K	10	96.216671858777	1
Plate4	K	11	99.4299776093382	1
Plate4	K	12	87.7729438729113	1
Plate4	K	13	100.534838561527	1
Plate4	K	14	86.7402509143957	1
Plate4	K	15	78.653177352688	1
Plate4	K	16	58.2491086411756	1
Plate4	K	17	100.994680286046	1
Plate4	K	18	96.3076683672618	1
Plate4	K	19	96.0022384306423	1
Plate4	K	20	63.0682432169202	1
Plate4	K	21	101.003570217407	1
Plate4	K	22	88.6452931990522	1
Plate4	L	3	58.8915614257567	1
Plate4	L	4	58.3088975932915	1
Plate4	L	5	93.5179240235593	1
Plate4	L	6	66.8913710373698	1
Plate4	L	7	101.107922008307	1
Plate4	L	8	51.2546105623768	1
Plate4	L	9	91.5286201265853	1
Plate4	L	10	100.853252329724	1
Plate4	L	11	43.3589402684011	1
Plate4	L	12	58.1613186304457	1
Plate4	L	13	77.2105405227824	1
Plate4	L	14	57.0885439807154	1
Plate4	L	15	101.832584532922	1
Plate4	L	16	58.2288510841317	1
Plate4	L	17	101.304362553885	1
Plate4	L	18	43.2046173268463	1
Plate4	L	19	94.6574080807069	1
Plate4	L	20	101.418799447121	1
Plate4	L	21	54.9990380745416	1
Plate4	L	22	71.1295752227591	1
Plate4	M	3	95.1721622681716	1
Plate4	M	4	100.930562872676	1
Plate4	M	5	52.5717861437345	1
Plate4	M	6	55.4987734282469	1
Plate4	M	7	101.570416798351	1
Plate4	M	8	44.1750867490367	1
Plate4	M	9	43.1211893677246	1
Plate4	M	10	101.169838116634	1
Plate4	M	11	53.8404994672114	1
Plate4	M	12	101.397077899976	1
Plate4	M	13	99.8228982859571	1
Plate4	M	14	81.0310756199671	1
Plate4	M	15	64.0681104932291	1
Plate4	M	16	58.355424704263	1
Plate4	M	17	99.4232601768151	1
Plate4	M	18	85.7414938779548	1
Plate4	M	19	78.4605655762807	1
Plate4	M	20	95.3948076577863	1
Plate4	M	21	55.638506603234	1
Plate4	M	22	82.9044086369345	1
Plate4	N	3	101.284456467411	1
Plate4	N	4	100.187417471746	1
Plate4	N	5	101.783984111772	1
Plate4	N	6	93.5445551596439	1
Plate4	N	7	58.7126905953046	1
Plate4	N	8	89.0071307005934	1
Plate4	N	9	101.430963440325	1
Plate4	N	10	71.0231474465579	1
Plate4	N	11	76.2248974478053	1
Plate4	N	12	94.5478073122911	1
Plate4	N	13	68.0014719054909	1
Plate4	N	14	94.8291220370126	1
Plate4	N	15	43.6529386928305	1
Plate4	N	16	90.6128605856784	1
Plate4	N	17	101.047178395325	1
Plate4	N	18	75.0539528815737	1
Plate4	N	19	64.3319640200512	1
Plate4	N	20	43.5801640639547	1
Plate4	N	21	101.523206176236	1
Plate4	N	22	58.9874377229717	1
Plate5	C	3	96.302101000306	1
Plate5	C	4	100.51422550889	1
Plate5	C	5	64.6542235718061	1
Plate5	C	6	43.5365333780646	1
Plate5	C	7	43.6003677900881	1
Plate5	C	8	58.6817324326839	1
Plate5	C	9	100.611954136733	1
Plate5	C	10	66.1082809905627	1
Plate5	C	11	67.4223582361804	1
Plate5	C	12	58.7588354570325	1
Plate5	C	13	101.438666133892	1
Plate5	C	14	71.4420576973382	1
Plate5	C	15	55.0588143806475	1
Plate5	C	16	101.981467080316	1
Plate5	C	17	58.0992210046388	1
Plate5	C	18	94.6333151058148	1
Plate5	C	19	58.3961560700554	1
Plate5	C	20	69.1435151303187	1
Plate5	C	21	65.6048996393842	1
Plate5	C	22	43.2776718074456	1
Plate5	D	3	58.0603730999865	1
Plate5	D	4	92.6503463098965	1
Plate5	D	5	72.4829238309489	1
Plate5	D	6	43.118982733693	1
Plate5	D	7	76.5365493026874	1
Plate5	D	8	76.0269985823258	1
Plate5	D	9	71.1453794936222	1
Plate5	D	10	100.45058446138	1
Plate5	D	11	63.9116049107557	1
Plate5	D	12	95.5731590724147	1
Plate5	D	13	85.8983985725793	1
Plate5	D	14	43.9589065860491	1
Plate5	D	15	43.6409751425963	1
Plate5	D	16	44.5595692413776	1
Plate5	D	17	64.4490865017132	1
Plate5	D	18	86.6602879573792	1
Plate5	D	19	42.3149586507106	1
Plate5	D	20	58.152201161487	1
Plate5	D	21	63.850492369516	1
Plate5	D	22	93.8306875661481	1
Plate5	E	3	43.968598513864	1
Plate5	E	4	101.836443029446	1
Plate5	E	5	43.4365103638265	1
Plate5	E	6	101.615820763089	1
Plate5	E	7	73.3251829069301	1
Plate5	E	8	64.9978718231277	1
Plate5	E	9	54.7864930826651	1
Plate5	E	10	43.7378566360567	1
Plate5	E	11	101.948874365732	1
Plate5	E	12	65.8717071500713	1
Plate5	E	13	51.8409693963362	1
Plate5	E	14	71.1195912820106	1
Plate5	E	15	100.978355687135	1
Plate5	E	16	71.2493496463253	1
Plate5	E	17	96.2779438388155	1
Plate5	E	18	101.782152928879	1
Plate5	E	19	43.8472903205547	1
Plate5	E	20	75.5862316763846	1
Plate5	E	21	101.264584251782	1
Plate5	E	22	101.054416722851	1
Plate5	F	3	76.5711655236615	1
Plate5	F	4	86.7826605961487	1
Plate5	F	5	70.2056626084633	1
Plate5	F	6	43.5228221053258	1
Plate5	F	7	57.6966553483875	1
Plate5	F	8	101.453548703265	1
Plate5	F	9	43.7886579458136	1
Plate5	F	10	88.3270871659848	1
Plate5	F	11	88.9902390037233	1
Plate5	F	12	58.2338283336721	1
Plate5	F	13	96.6528898552998	1
Plate5	F	14	55.6067317755661	1
Plate5	F	15	66.1526537189073	1
Plate5	F	16	43.0816346595529	1
Plate5	F	17	60.1712877539545	1
Plate5	F	18	100.597626064164	1
Plate5	F	19	101.551733487751	1
Plate5	F	20	61.1643094619909	1
Plate5	F	21	58.341623459477	1
Plate5	F	22	72.2459236950418	1
Plate5	G	3	72.2452401481044	1
Plate5	G	4	101.750891343294	1
Plate5	G	5	58.7475928394124	1
Plate5	G	6	92.2422382533005	1
Plate5	G	7	99.4236030199379	1
Plate5	G	8	81.7510557687351	1
Plate5	G	9	96.3927627004242	1
Plate5	G	10	58.2363054584712	1
Plate5	G	11	72.2372239739378	1
Plate5	G	12	76.66322476192	1
Plate5	G	13	59.4261163794459	1
Plate5	G	14	66.1950534671358	1
Plate5	G	15	100.710830618732	1
Plate5	G	16	58.3342411208432	1
Plate5	G	17	82.2091848228154	1
Plate5	G	18	43.7480717257131	1
Plate5	G	19	42.9948971505174	1
Plate5	G	20	100.987902702791	1
Plate5	G	21	65.982139380794	1
Plate5	G	22	88.6221414419947	1
Plate5	H	3	43.3257240327902	1
Plate5	H	4	101.180378756245	1
Plate5	H	5	75.0577536550222	1
Plate5	H	6	76.7267948359432	1
Plate5	H	7	88.6954072740446	1
Plate5	H	8	101.330628057346	1
Plate5	H	9	66.4704215069304	1
Plate5	H	10	71.5392824875051	1
Plate5	H	11	58.5036755800247	1
Plate5	H	12	43.8729731049389	1
Plate5	H	13	101.323321095194	1
Plate5	H	14	99.339126749435	1
Plate5	H	15	101.830381929176	1
Plate5	H	16	74.5170543676255	1
Plate5	H	17	43.4995980812237	1
Plate5	H	18	74.0361996046747	1
Plate5	H	19	58.2479694990907	1
Plate5	H	20	101.255303819431	1
Plate5	H	21	71.8306351871147	1
Plate5	H	22	58.6360713429749	1
Plate5	I	3	83.8010186220725	1
Plate5	I	4	100.971099258534	1
Plate5	I	5	81.4304911729758	1
Plate5	I	6	101.359050435526	1
Plate5	I	7	72.6192545129745	1
Plate5	I	8	55.4304501574056	1
Plate5	I	9	101.90843438458	1
Plate5	I	10	58.2334577301517	1
Plate5	I	11	85.6181122019637	1
Plate5	I	12	58.6540215136483	1
Plate5	I	13	73.0655535130101	1
Plate5	I	14	76.7977234955192	1
Plate5	I	15	101.341507822663	1
Plate5	I	16	101.228435327997	1
Plate5	I	17	71.031930411776	1
Plate5	I	18	43.4590308407787	1
Plate5	I	19	101.209501937862	1
Plate5	I	20	101.952579488745	1
Plate5	I	21	96.7252294142737	1
Plate5	I	22	64.4566964674586	1
Plate5	J	3	72.9368758379445	1
Plate5	J	4	58.2748212980777	1
Plate5	J	5	92.2110505532283	1
Plate5	J	6	75.9498523517508	1
Plate5	J	7	58.5000072640118	1
Plate5	J	8	73.7642709505316	1
Plate5	J	9	101.240726874869	1
Plate5	J	10	64.8607861120775	1
Plate5	J	11	58.0379604601767	1
Plate5	J	12	76.5917719522203	1
Plate5	J	13	95.1589165247051	1
Plate5	J	14	78.8316415509054	1
Plate5	J	15	58.018132859841	1
Plate5	J	16	58.6613290952519	1
Plate5	J	17	98.4114303132615	1
Plate5	J	18	76.3148422445092	1
Plate5	J	19	101.353868044681	1
Plate5	J	20	100.070818940835	1
Plate5	J	21	58.5502449765336	1
Plate5	J	22	93.8754217376345	1
Plate5	K	3	53.9900894550627	1
Plate5	K	4	88.2501223313044	1
Plate5	K	5	91.9334972711215	1
Plate5	K	6	71.5877553304503	1
Plate5	K	7	98.4515859530938	1
Plate5	K	8	44.1032490232751	1
Plate5	K	9	43.3177792520728	1
Plate5	K	10	62.44842179798	1
Plate5	K	11	43.405185359763	1
Plate5	K	12	98.328080493021	1
Plate5	K	13	100.534601398512	1
Plate5	K	14	101.556341255161	1
Plate5	K	15	58.6702501389664	1
Plate5	K	16	101.510272688567	1
Plate5	K	17	72.0556229868508	1
Plate5	K	18	43.1631920489017	1
Plate5	K	19	88.4920817566144	1
Plate5	K	20	86.0845506544568	1
Plate5	K	21	43.1879264961462	1
Plate5	K	22	58.6285918306094	1
Plate5	L	3	44.6458200658457	1
Plate5	L	4	74.1669741782906	1
Plate5	L	5	58.7160320568364	1
Plate5	L	6	51.7075826344548	1
Plate5	L	7	101.810277451063	1
Plate5	L	8	58.3487444384955	1
Plate5	L	9	91.9886780232007	1
Plate5	L	10	58.4163590515964	1
Plate5	L	11	58.702729671495	1
Plate5	L	12	58.4697608451825	1
Plate5	L	13	101.030655008045	1
Plate5	L	14	94.2022842186357	1
Plate5	L	15	101.881110821953	1
Plate5	L	16	58.9151525793131	1
Plate5	L	17	55.1286703300144	1
Plate5	L	18	63.3390857739103	1
Plate5	L	19	43.4471952975728	1
Plate5	L	20	91.4169698656159	1
Plate5	L	21	99.4183618999366	1
Plate5	L	22	67.3798522289054	1
Plate5	M	3	88.3747470248992	1
Plate5	M	4	58.6371962048579	1
Plate5	M	5	42.7463653954574	1
Plate5	M	6	71.8053159384912	1
Plate5	M	7	96.0495080697357	1
Plate5	M	8	98.8788930687639	1
Plate5	M	9	44.8884398723886	1
Plate5	M	10	101.429753776166	1
Plate5	M	11	75.3323641273899	1
Plate5	M	12	61.9609176753876	1
Plate5	M	13	58.1078134030104	1
Plate5	M	14	95.4293063935829	1
Plate5	M	15	43.1936008478515	1
Plate5	M	16	58.6889951936901	1
Plate5	M	17	98.8318812744031	1
Plate5	M	18	53.2019999720845	1
Plate5	M	19	101.430314583937	1
Plate5	M	20	73.1035068453503	1
Plate5	M	21	76.9330524469627	1
Plate5	M	22	43.4308653622866	1
Plate5	N	3	58.1012690009084	1
Plate5	N	4	58.4047997829039	1
Plate5	N	5	54.2700357534158	1
Plate5	N	6	101.552107529249	1
Plate5	N	7	79.2593856109214	1
Plate5	N	8	100.26203274208	1
Plate5	N	9	44.8128976643484	1
Plate5	N	10	76.4132484850861	1
Plate5	N	11	100.037238328783	1
Plate5	N	12	58.2617380802985	1
Plate5	N	13	43.6955769320484	1
Plate5	N	14	44.8049172644184	1
Plate5	N	15	43.1782155404799	1
Plate5	N	16	55.4613283638789	1
Plate5	N	17	58.3051132578403	1
Plate5	N	18	90.5707434713819	1
Plate5	N	19	43.1889701734763	1
Plate5	N	20	99.017068420429	1
Plate5	N	21	100.916027719567	1
Plate5	N	22	44.3055033574183	1
Plate6	C	3	66.3479635268694	1
Plate6	C	4	76.0318854685344	1
Plate6	C	5	71.2962625916893	1
Plate6	C	6	58.6170355412178	1
Plate6	C	7	43.9851767299697	1
Plate6	C	8	44.3492501943624	1
Plate6	C	9	71.2664832374567	1
Plate6	C	10	43.526305427542	1
Plate6	C	11	91.8401953044629	1
Plate6	C	12	100.517830916232	1
Plate6	C	13	55.8102793028658	1
Plate6	C	14	85.6751883497212	1
Plate6	C	15	43.9197709513828	1
Plate6	C	16	58.0717953348067	1
Plate6	C	17	100.095358572695	1
Plate6	C	18	101.275637476007	1
Plate6	C	19	101.150033884115	1
Plate6	C	20	59.7144960779208	1
Plate6	C	21	76.6717779577057	1
Plate6	C	22	43.1983100611251	1
Plate6	D	3	71.2922355448045	1
Plate6	D	4	53.2571409641325	1
Plate6	D	5	58.8335392808076	1
Plate6	D	6	63.5857568539692	1
Plate6	D	7	91.5714494961405	1
Plate6	D	8	44.8899188202246	1
Plate6	D	9	58.744166768156	1
Plate6	D	10	99.9744465567917	1
Plate6	D	11	76.7811815409252	1
Plate6	D	12	101.035157507712	1
Plate6	D	13	57.194599701056	1
Plate6	D	14	73.0418457837523	1
Plate6	D	15	89.4544451343988	1
Plate6	D	16	58.1521887439303	1
Plate6	D	17	67.2418776904325	1
Plate6	D	18	43.9426062020939	1
Plate6	D	19	76.964153338832	1
Plate6	D	20	101.830415022559	1
Plate6	D	21	43.0492293508723	1
Plate6	D	22	75.4017964815451	1
Plate6	E	3	66.7222404909133	1
Plate6	E	4	100.146537249867	1
Plate6	E	5	99.2484207768236	1
Plate6	E	6	100.31576739805	1
Plate6	E	7	76.5574286339509	1
Plate6	E	8	79.7177658061195	1
Plate6	E	9	75.3356594574613	1
Plate6	E	10	58.5047026670072	1
Plate6	E	11	101.867298934919	1
Plate6	E	12	43.8023179678712	1
Plate6	E	13	77.2825830520429	1
Plate6	E	14	99.3020899761168	1
Plate6	E	15	43.4043144821189	1
Plate6	E	16	43.9619509256445	1
Plate6	E	17	101.076755247546	1
Plate6	E	18	75.7196779020171	1
Plate6	E	19	58.7774549368769	1
Plate6	E	20	43.1224306037184	1
Plate6	E	21	43.9713318920694	1
Plate6	E	22	58.9261764050461	1
Plate6	F	3	74.6002007730746	1
Plate6	F	4	66.2546485658048	1
Plate6	F	5	100.495402196993	1
Plate6	F	6	64.0689481904109	1
Plate6	F	7	71.3021643721326	1
Plate6	F	8	81.6873265758622	1
Plate6	F	9	87.0221488150374	1
Plate6	F	10	78.9569983665684	1
Plate6	F	11	64.5805384660067	1
Plate6	F	12	90.8350382316836	1
Plate6	F	13	101.78415541282	1
Plate6	F	14	83.3355994717206	1
Plate6	F	15	94.3743877621687	1
Plate6	F	16	101.14389335392	1
Plate6	F	17	58.9231292903423	1
Plate6	F	18	58.4935101836454	1
Plate6	F	19	77.3348712384412	1
Plate6	F	20	76.1900508003054	1
Plate6	F	21	86.1936732429765	1
Plate6	F	22	101.498772569645	1
Plate6	G	3	100.674147352768	1
Plate6	G	4	58.5714795899112	1
Plate6	G	5	81.329461753834	1
Plate6	G	6	66.0722855685989	1
Plate6	G	7	97.8950482479608	1
Plate6	G	8	101.621118011263	1
Plate6	G	9	43.1381489788182	1
Plate6	G	10	92.7710890078638	1
Plate6	G	11	72.3979614779116	1
Plate6	G	12	100.075620917388	1
Plate6	G	13	71.3809042523636	1
Plate6	G	14	71.454778036291	1
Plate6	G	15	99.3902737677842	1
Plate6	G	16	43.3791553166229	1
Plate6	G	17	73.9196154786777	1
Plate6	G	18	66.6577759140881	1
Plate6	G	19	76.6296229890664	1
Plate6	G	20	76.5704313129648	1
Plate6	G	21	99.9280338760237	1
Plate6	G	22	101.361413652558	1
Plate6	H	3	101.7468894859	1
Plate6	H	4	100.206172960304	1
Plate6	H	5	101.045365592154	1
Plate6	H	6	54.6746600190344	1
Plate6	H	7	96.1350037015263	1
Plate6	H	8	75.7751321871295	1
Plate6	H	9	101.561806565383	1
Plate6	H	10	91.5136023449458	1
Plate6	H	11	57.343603809588	1
Plate6	H	12	79.0206629819555	1
Plate6	H	13	66.7206829604734	1
Plate6	H	14	101.871395002895	1
Plate6	H	15	68.014667595513	1
Plate6	H	16	43.9390217347536	1
Plate6	H	17	81.1346113984817	1
Plate6	H	18	58.6878116196021	1
Plate6	H	19	58.0135593367741	1
Plate6	H	20	88.4001541707789	1
Plate6	H	21	45.5635185365073	1
Plate6	H	22	57.1349055105713	1
Plate6	I	3	71.2361107169704	1
Plate6	I	4	43.5892595108598	1
Plate6	I	5	58.9371078796685	1
Plate6	I	6	89.1307464683468	1
Plate6	I	7	58.8648938864935	1
Plate6	I	8	81.3071733670349	1
Plate6	I	9	63.2827888747784	1
Plate6	I	10	81.4783654450439	1
Plate6	I	11	86.9246570583433	1
Plate6	I	12	58.5050608045422	1
Plate6	I	13	58.2136383531615	1
Plate6	I	14	101.729976397135	1
Plate6	I	15	71.813213201884	1
Plate6	I	16	75.8838529248777	1
Plate6	I	17	57.8191442728463	1
Plate6	I	18	43.0365434656851	1
Plate6	I	19	94.5037928878707	1
Plate6	I	20	43.7311320302542	1
Plate6	I	21	42.684918772512	1
Plate6	I	22	65.3889199589203	1
Plate6	J	3	43.9441800005734	1
Plate6	J	4	58.496472840663	1
Plate6	J	5	58.8931675257627	1
Plate6	J	6	43.7745895604603	1
Plate6	J	7	54.9563380312166	1
Plate6	J	8	43.2648051003926	1
Plate6	J	9	58.0350351636298	1
Plate6	J	10	64.0690715396621	1
Plate6	J	11	65.5172058901108	1
Plate6	J	12	101.359074305014	1
Plate6	J	13	64.2603197425914	1
Plate6	J	14	42.8493299792618	1
Plate6	J	15	53.6849637113427	1
Plate6	J	16	43.5850898639765	1
Plate6	J	17	43.1543317208998	1
Plate6	J	18	86.6749187745535	1
Plate6	J	19	76.7768470853504	1
Plate6	J	20	66.6860110044454	1
Plate6	J	21	58.0007036067545	1
Plate6	J	22	76.8909675911744	1
Plate6	K	3	101.334028053604	1
Plate6	K	4	70.9511991641933	1
Plate6	K	5	94.7563237340102	1
Plate6	K	6	101.43957411456	1
Plate6	K	7	53.123095377557	1
Plate6	K	8	76.2912551456843	1
Plate6	K	9	76.5903471816593	1
Plate6	K	10	101.520698352261	1
Plate6	K	11	101.176662872867	1
Plate6	K	12	92.1807052171244	1
Plate6	K	13	55.3702455722011	1
Plate6	K	14	58.1428715640213	1
Plate6	K	15	100.499328628063	1
Plate6	K	16	101.146894532128	1
Plate6	K	17	58.6314414232038	1
Plate6	K	18	101.66765348427	1
Plate6	K	19	101.430080128181	1
Plate6	K	20	101.066274704544	1
Plate6	K	21	72.5077907048278	1
Plate6	K	22	72.1004942999708	1
Plate6	L	3	43.1041621982586	1
Plate6	L	4	73.1129735606835	1
Plate6	L	5	58.0569218355231	1
Plate6	L	6	58.0851611276157	1
Plate6	L	7	101.264711668482	1
Plate6	L	8	43.6281217960641	1
Plate6	L	9	101.107930733192	1
Plate6	L	10	43.1485948960762	1
Plate6	L	11	58.1066916475538	1
Plate6	L	12	43.6873271402437	1
Plate6	L	13	64.8004161235526	1
Plate6	L	14	58.991912326077	1
Plate6	L	15	78.4569884815106	1
Plate6	L	16	66.0268990125083	1
Plate6	L	17	91.6182758294137	1
Plate6	L	18	58.3195396463852	1
Plate6	L	19	43.7714612185955	1
Plate6	L	20	101.60418471043	1
Plate6	L	21	43.9650843446143	1
Plate6	L	22	93.9256326541973	1
Plate6	M	3	66.8747515070962	1
Plate6	M	4	43.6033625705168	1
Plate6	M	5	58.9136511802208	1
Plate6	M	6	65.379754116578	1
Plate6	M	7	101.105093307087	1
Plate6	M	8	78.6570415971194	1
Plate6	M	9	87.010768403206	1
Plate6	M	10	43.4408394226339	1
Plate6	M	11	66.9282468949299	1
Plate6	M	12	58.1458092553075	1
Plate6	M	13	87.1766223976226	1
Plate6	M	14	97.4062534369077	1
Plate6	M	15	58.6372320386581	1
Plate6	M	16	101.397236017848	1
Plate6	M	17	81.0306848099902	1
Plate6	M	18	101.859804729941	1
Plate6	M	19	71.3865675758775	1
Plate6	M	20	43.8981203183066	1
Plate6	M	21	94.8314516314971	1
Plate6	M	22	70.8049144269071	1
Plate6	N	3	43.4032592645381	1
Plate6	N	4	100.928244538036	1
Plate6	N	5	43.0172072635032	1
Plate6	N	6	83.4817162151108	1
Plate6	N	7	53.3755334332035	1
Plate6	N	8	76.1195081046614	1
Plate6	N	9	71.8701949250979	1
Plate6	N	10	58.6873569488525	1
Plate6	N	11	91.3488109841701	1
Plate6	N	12	77.4901477971191	1
Plate6	N	13	92.3987470833585	1
Plate6	N	14	55.0559812505646	1
Plate6	N	15	58.0110903894529	1
Plate6	N	16	76.3501609411677	1
Plate6	N	17	77.0222982843018	1
Plate6	N	18	73.0691847426831	1
Plate6	N	19	76.812253831561	1
Plate6	N	20	58.3614306361414	1
Plate6	N	21	43.1745311247651	1
Plate6	N	22	101.771803207695	1
Plate7	C	3	78.7567447737643	1
Plate7	C	4	44.4616150096896	1
Plate7	C	5	56.7729748477565	1
Plate7	C	6	101.423515307485	1
Plate7	C	7	101.80400239429	1
Plate7	C	8	101.4960152826	1
Plate7	C	9	43.0005597597919	1
Plate7	C	10	58.001253556693	1
Plate7	C	11	66.54134137279	1
Plate7	C	12	101.741682958641	1
Plate7	C	13	101.182293747329	1
Plate7	C	14	55.7800580051657	1
Plate7	C	15	76.2140172143962	1
Plate7	C	16	77.201529114832	1
Plate7	C	17	64.3995215366439	1
Plate7	C	18	100.48429313429	1
Plate7	C	19	44.5761192214978	1
Plate7	C	20	73.3813611447863	1
Plate7	C	21	100.048596641479	1
Plate7	C	22	70.0836218267981	1
Plate7	D	3	54.1079292132004	1
Plate7	D	4	43.1747887840029	1
Plate7	D	5	43.5141457880381	1
Plate7	D	6	58.2615847648121	1
Plate7	D	7	76.8394221440408	1
Plate7	D	8	100.420525253752	1
Plate7	D	9	43.7763151505496	1
Plate7	D	10	43.2768367386889	1
Plate7	D	11	100.840108186686	1
Plate7	D	12	101.471656646191	1
Plate7	D	13	43.3532893720549	1
Plate7	D	14	77.1022570142355	1
Plate7	D	15	91.5125420472505	1
Plate7	D	16	101.852591112256	1
Plate7	D	17	100.629220436955	1
Plate7	D	18	98.1247834081775	1
Plate7	D	19	76.9868914824522	1
Plate7	D	20	92.0562404356711	1
Plate7	D	21	101.985402914695	1
Plate7	D	22	96.2699451302983	1
Plate7	E	3	71.1582593579365	1
Plate7	E	4	101.459463691575	1
Plate7	E	5	58.1544978134334	1
Plate7	E	6	58.5523397356737	1
Plate7	E	7	101.07141580293	1
Plate7	E	8	80.8179982950911	1
Plate7	E	9	100.140286531048	1
Plate7	E	10	71.600114377236	1
Plate7	E	11	43.3199454874266	1
Plate7	E	12	98.4700858746898	1
Plate7	E	13	43.0889022946358	1
Plate7	E	14	78.4913209672744	1
Plate7	E	15	71.3059944850281	1
Plate7	E	16	70.4522532017986	1
Plate7	E	17	86.4193980876484	1
Plate7	E	18	58.8246432421729	1
Plate7	E	19	92.4223446764334	1
Plate7	E	20	101.347121049458	1
Plate7	E	21	51.2853942780347	1
Plate7	E	22	72.3790578022893	1
Plate7	F	3	93.1705747018568	1
Plate7	F	4	58.7965005370788	1
Plate7	F	5	85.6118552214466	1
Plate7	F	6	58.430890733609	1
Plate7	F	7	43.0537603434641	1
Plate7	F	8	66.6661757459177	1
Plate7	F	9	91.9684708115924	1
Plate7	F	10	94.0758854346087	1
Plate7	F	11	44.0909931486619	1
Plate7	F	12	101.570681683527	1
Plate7	F	13	78.3919836303078	1
Plate7	F	14	81.9645256164949	1
Plate7	F	15	55.6732762727765	1
Plate7	F	16	78.828496853294	1
Plate7	F	17	101.864884943702	1
Plate7	F	18	43.0853946504649	1
Plate7	F	19	58.6812592882197	1
Plate7	F	20	101.864387540613	1
Plate7	F	21	43.4578594875056	1
Plate7	F	22	76.339577549278	1
Plate7	G	3	43.9587338925339	1
Plate7	G	4	71.4217101870254	1
Plate7	G	5	76.6544418576474	1
Plate7	G	6	100.944864475761	1
Plate7	G	7	43.978839059826	1
Plate7	G	8	88.3662810340575	1
Plate7	G	9	72.858805059312	1
Plate7	G	10	100.935254538414	1
Plate7	G	11	43.4002205503639	1
Plate7	G	12	101.587904823245	1
Plate7	G	13	86.1714781787446	1
Plate7	G	14	43.4552786995191	1
Plate7	G	15	43.0554781146348	1
Plate7	G	16	43.3208629535511	1
Plate7	G	17	82.4873878468106	1
Plate7	G	18	101.072096901207	1
Plate7	G	19	101.272607554948	1
Plate7	G	20	72.9516326180623	1
Plate7	G	21	75.9525239434614	1
Plate7	G	22	99.812441248009	1
Plate7	H	3	86.9769067479542	1
Plate7	H	4	101.586750154429	1
Plate7	H	5	98.1069088580508	1
Plate7	H	6	101.916262848797	1
Plate7	H	7	101.325234579233	1
Plate7	H	8	87.8037308140079	1
Plate7	H	9	96.5541698083754	1
Plate7	H	10	101.579194375416	1
Plate7	H	11	94.0470526349609	1
Plate7	H	12	71.8671230104356	1
Plate7	H	13	58.6356954721268	1
Plate7	H	14	101.528593890912	1
Plate7	H	15	55.7435133178754	1
Plate7	H	16	42.451248576064	1
Plate7	H	17	99.8693218675908	1
Plate7	H	18	98.4947307380935	1
Plate7	H	19	42.3624694841901	1
Plate7	H	20	55.4009720148555	1
Plate7	H	21	43.5589573183097	1
Plate7	H	22	101.403902984458	1
Plate7	I	3	101.908672326089	1
Plate7	I	4	85.152883352067	1
Plate7	I	5	43.9564956615213	1
Plate7	I	6	74.1324584028815	1
Plate7	I	7	101.969804124021	1
Plate7	I	8	43.5832000137307	1
Plate7	I	9	55.3301372381608	1
Plate7	I	10	64.6491262395711	1
Plate7	I	11	54.813177611881	1
Plate7	I	12	45.2347939368172	1
Plate7	I	13	88.0843413527514	1
Plate7	I	14	65.3836561539966	1
Plate7	I	15	64.7427332208547	1
Plate7	I	16	101.176315257946	1
Plate7	I	17	100.738834135902	1
Plate7	I	18	57.8267431429555	1
Plate7	I	19	100.178865947128	1
Plate7	I	20	72.0119546328094	1
Plate7	I	21	88.8210523980831	1
Plate7	I	22	99.4774132366572	1
Plate7	J	3	95.3773743760312	1
Plate7	J	4	58.8664668484125	1
Plate7	J	5	95.6332170121377	1
Plate7	J	6	55.0276009039647	1
Plate7	J	7	81.5949651560833	1
Plate7	J	8	101.98066843464	1
Plate7	J	9	83.0725440920555	1
Plate7	J	10	79.1473259268647	1
Plate7	J	11	79.0426992287704	1
Plate7	J	12	89.3956682652742	1
Plate7	J	13	99.5300650056731	1
Plate7	J	14	58.8470252861734	1
Plate7	J	15	44.7823099577014	1
Plate7	J	16	43.2464822239708	1
Plate7	J	17	101.426126387541	1
Plate7	J	18	74.8350631295575	1
Plate7	J	19	76.5488691009969	1
Plate7	J	20	84.7408684888461	1
Plate7	J	21	83.6053604275612	1
Plate7	J	22	42.7243732741756	1
Plate7	K	3	43.3341996828094	1
Plate7	K	4	43.2415069595445	1
Plate7	K	5	78.2353907029119	1
Plate7	K	6	43.4345989199355	1
Plate7	K	7	87.1191822961837	1
Plate7	K	8	58.3167323686648	1
Plate7	K	9	82.2484367878095	1
Plate7	K	10	43.6996078998782	1
Plate7	K	11	76.5989589330642	1
Plate7	K	12	100.879251357504	1
Plate7	K	13	94.6526256473016	1
Plate7	K	14	87.9290072350594	1
Plate7	K	15	101.06854991219	1
Plate7	K	16	95.8399939943277	1
Plate7	K	17	66.2121127404051	1
Plate7	K	18	43.5555401421152	1
Plate7	K	19	96.1288010891921	1
Plate7	K	20	101.175071198726	1
Plate7	K	21	43.3328877338208	1
Plate7	K	22	95.1380409953554	1
Plate7	L	3	53.4474327364387	1
Plate7	L	4	101.017584789766	1
Plate7	L	5	43.0468289204873	1
Plate7	L	6	43.3366551892832	1
Plate7	L	7	43.7829964496195	1
Plate7	L	8	101.061299957645	1
Plate7	L	9	71.5244469096802	1
Plate7	L	10	101.392957020318	1
Plate7	L	11	58.8885689440649	1
Plate7	L	12	99.843210233869	1
Plate7	L	13	72.0971690588375	1
Plate7	L	14	81.3988612935965	1
Plate7	L	15	58.2983261435293	1
Plate7	L	16	93.991036723343	1
Plate7	L	17	92.1691771126162	1
Plate7	L	18	72.0851764928438	1
Plate7	L	19	101.960764626894	1
Plate7	L	20	98.2939180799816	1
Plate7	L	21	43.028064784361	1
Plate7	L	22	101.141155922789	1
Plate7	M	3	58.3452526221517	1
Plate7	M	4	78.3092304079163	1
Plate7	M	5	65.8449118217351	1
Plate7	M	6	96.0171611424242	1
Plate7	M	7	100.546292422542	1
Plate7	M	8	101.653112354678	1
Plate7	M	9	63.5852761099776	1
Plate7	M	10	101.366324209841	1
Plate7	M	11	100.379049475186	1
Plate7	M	12	58.5123569383286	1
Plate7	M	13	100.611591950221	1
Plate7	M	14	86.2871875180275	1
Plate7	M	15	87.8995967974811	1
Plate7	M	16	56.6655077833554	1
Plate7	M	17	43.3257838364225	1
Plate7	M	18	78.1025623497864	1
Plate7	M	19	44.4711119210264	1
Plate7	M	20	58.0610062570777	1
Plate7	M	21	70.2406834390387	1
Plate7	M	22	95.0485847749651	1
Plate7	N	3	94.7831086074939	1
Plate7	N	4	43.9544573102612	1
Plate7	N	5	88.0375526969462	1
Plate7	N	6	58.9716483622324	1
Plate7	N	7	43.8042599854525	1
Plate7	N	8	43.1914919558913	1
Plate7	N	9	100.516596422424	1
Plate7	N	10	71.3749998282816	1
Plate7	N	11	100.341495030524	1
Plate7	N	12	92.3610708470368	1
Plate7	N	13	75.9811679254061	1
Plate7	N	14	100.938580073201	1
Plate7	N	15	67.3113001650985	1
Plate7	N	16	58.4829418561421	1
Plate7	N	17	43.3923154253293	1
Plate7	N	18	76.9624808834389	1
Plate7	N	19	96.2604548447772	1
Plate7	N	20	101.070304802852	1
Plate7	N	21	55.2974301277606	1
Plate7	N	22	101.740975354534	1
Plate8	C	3	71.5181608595913	1
Plate8	C	4	43.7414793012979	1
Plate8	C	5	44.1046837713361	1
Plate8	C	6	58.253429785138	1
Plate8	C	7	101.524718040833	1
Plate8	C	8	101.716325814837	1
Plate8	C	9	91.8874327810138	1
Plate8	C	10	82.6034108934912	1
Plate8	C	11	42.640204732642	1
Plate8	C	12	100.691728184105	1
Plate8	C	13	43.4413386222441	1
Plate8	C	14	101.482459984013	1
Plate8	C	15	86.9824951621413	1
Plate8	C	16	76.9649744275146	1
Plate8	C	17	100.335783619417	1
Plate8	C	18	43.408487644745	1
Plate8	C	19	101.484088836105	1
Plate8	C	20	43.8465377315879	1
Plate8	C	21	101.486595945213	1
Plate8	C	22	66.5522123386862	1
Plate8	D	3	43.048217655858	1
Plate8	D	4	83.7313101060924	1
Plate8	D	5	58.3484549834393	1
Plate8	D	6	95.4452311129648	1
Plate8	D	7	96.09796898868	1
Plate8	D	8	98.9620804715755	1
Plate8	D	9	88.498711776763	1
Plate8	D	10	101.104537242924	1
Plate8	D	11	101.104590091959	1
Plate8	D	12	64.3591903946207	1
Plate8	D	13	43.864147901535	1
Plate8	D	14	73.4023546158448	1
Plate8	D	15	77.4658838631196	1
Plate8	D	16	83.6979520726689	1
Plate8	D	17	43.9223377369344	1
Plate8	D	18	101.21305951965	1
Plate8	D	19	76.4478669983072	1
Plate8	D	20	76.7686385876018	1
Plate8	D	21	93.9436371204821	1
Plate8	D	22	43.7759238434955	1
Plate8	E	3	97.7392688475977	1
Plate8	E	4	74.1861757169143	1
Plate8	E	5	101.024092289386	1
Plate8	E	6	86.1279645628961	1
Plate8	E	7	94.5606614332092	1
Plate8	E	8	88.8291177379934	1
Plate8	E	9	92.412015852605	1
Plate8	E	10	58.2251563908067	1
Plate8	E	11	58.8559343065135	1
Plate8	E	12	43.2882457938977	1
Plate8	E	13	57.7692326659304	1
Plate8	E	14	43.9503646388184	1
Plate8	E	15	43.1581915460993	1
Plate8	E	16	101.783184735931	1
Plate8	E	17	53.9682173625778	1
Plate8	E	18	101.133036912132	1
Plate8	E	19	101.886400253047	1
Plate8	E	20	81.1570504130796	1
Plate8	E	21	100.959013667994	1
Plate8	E	22	98.3517052281453	1
Plate8	F	3	54.7715696400664	1
Plate8	F	4	43.5743428750429	1
Plate8	F	5	101.702808324248	1
Plate8	F	6	66.9112165124213	1
Plate8	F	7	89.0507268864544	1
Plate8	F	8	45.0181649067622	1
Plate8	F	9	99.8680198733948	1
Plate8	F	10	74.4802105789576	1
Plate8	F	11	98.9468230974581	1
Plate8	F	12	43.6173614328727	1
Plate8	F	13	58.1419124433305	1
Plate8	F	14	43.9439760167152	1
Plate8	F	15	100.891186816412	1
Plate8	F	16	66.7689415625737	1
Plate8	F	17	69.7179323533386	1
Plate8	F	18	65.0581279936765	1
Plate8	F	19	68.6658556091599	1
Plate8	F	20	81.6059559377881	1
Plate8	F	21	94.8257223217288	1
Plate8	F	22	86.8437673968005	1
Plate8	G	3	98.9828746601561	1
Plate8	G	4	78.9379258935641	1
Plate8	G	5	58.7459582630545	1
Plate8	G	6	58.7961295535788	1
Plate8	G	7	58.0863723431248	1
Plate8	G	8	43.9006014810875	1
Plate8	G	9	51.8270396105071	1
Plate8	G	10	58.9410889109131	1
Plate8	G	11	94.6497478009414	1
Plate8	G	12	73.9991434384218	1
Plate8	G	13	101.157587598776	1
Plate8	G	14	58.1710456791334	1
Plate8	G	15	82.0148644342006	1
Plate8	G	16	97.8284790408211	1
Plate8	G	17	58.8625502362847	1
Plate8	G	18	78.361921367407	1
Plate8	G	19	71.1538469215018	1
Plate8	G	20	100.689556792949	1
Plate8	G	21	58.6296833483502	1
Plate8	G	22	81.2990016959285	1
Plate8	H	3	43.7816288331524	1
Plate8	H	4	82.6410332085843	1
Plate8	H	5	58.6513155479915	1
Plate8	H	6	44.7087965717938	1
Plate8	H	7	76.8425406508224	1
Plate8	H	8	101.881150488642	1
Plate8	H	9	101.929217419455	1
Plate8	H	10	62.6219278328027	1
Plate8	H	11	43.3352738907561	1
Plate8	H	12	58.1556850907643	1
Plate8	H	13	96.429844211417	1
Plate8	H	14	101.500029326874	1
Plate8	H	15	101.586070900216	1
Plate8	H	16	66.6619985916431	1
Plate8	H	17	57.5707156223915	1
Plate8	H	18	58.8554526169319	1
Plate8	H	19	45.4949374501428	1
Plate8	H	20	81.0955222744116	1
Plate8	H	21	73.4483274013787	1
Plate8	H	22	100.176748376071	1
Plate8	I	3	83.2224779992589	1
Plate8	I	4	101.748241592244	1
Plate8	I	5	91.2739065990336	1
Plate8	I	6	101.453214785627	1
Plate8	I	7	85.7206361296199	1
Plate8	I	8	71.6016084079053	1
Plate8	I	9	76.8566947613919	1
Plate8	I	10	78.9011312475746	1
Plate8	I	11	65.8289177500891	1
Plate8	I	12	100.862974834611	1
Plate8	I	13	101.128177624301	1
Plate8	I	14	65.8646784947775	1
Plate8	I	15	89.4200810546563	1
Plate8	I	16	43.1912756068632	1
Plate8	I	17	80.6411257303301	1
Plate8	I	18	42.7035060991429	1
Plate8	I	19	58.9391437370796	1
Plate8	I	20	43.8563728358131	1
Plate8	I	21	71.782304680075	1
Plate8	I	22	67.7205271352444	1
Plate8	J	3	58.3503095663618	1
Plate8	J	4	101.140160684707	1
Plate8	J	5	58.3058444135822	1
Plate8	J	6	66.7961093954744	1
Plate8	J	7	61.8143789693569	1
Plate8	J	8	43.923838639399	1
Plate8	J	9	72.3789151162887	1
Plate8	J	10	58.5961326137185	1
Plate8	J	11	62.479306040901	1
Plate8	J	12	43.3032959643751	1
Plate8	J	13	58.5435776021332	1
Plate8	J	14	100.043908437975	1
Plate8	J	15	70.5583250889659	1
Plate8	J	16	76.4456361353732	1
Plate8	J	17	58.6360379480757	1
Plate8	J	18	66.6185226833422	1
Plate8	J	19	93.9467038413367	1
Plate8	J	20	61.8810879433167	1
Plate8	J	21	76.8060652424612	1
Plate8	J	22	43.3379551346879	1
Plate8	K	3	71.7252468059035	1
Plate8	K	4	58.8499550211709	1
Plate8	K	5	43.859616040485	1
Plate8	K	6	43.2438676753081	1
Plate8	K	7	76.8985104459974	1
Plate8	K	8	72.0176378914159	1
Plate8	K	9	99.0584511611	1
Plate8	K	10	58.0043225053232	1
Plate8	K	11	76.4523917422516	1
Plate8	K	12	43.7970676275436	1
Plate8	K	13	57.9504329745146	1
Plate8	K	14	64.6466213108351	1
Plate8	K	15	76.9730660049941	1
Plate8	K	16	94.1041813694784	1
Plate8	K	17	76.2000129217095	1
Plate8	K	18	100.681194317026	1
Plate8	K	19	55.4113134549966	1
Plate8	K	20	42.9359215298654	1
Plate8	K	21	76.5229924286283	1
Plate8	K	22	100.903781875861	1
Plate8	L	3	58.8999473052099	1
Plate8	L	4	87.4108650005251	1
Plate8	L	5	100.820483981737	1
Plate8	L	6	71.964078359727	1
Plate8	L	7	73.7699840577512	1
Plate8	L	8	64.2245470088834	1
Plate8	L	9	66.8879979104162	1
Plate8	L	10	76.6615438499983	1
Plate8	L	11	76.1170998467499	1
Plate8	L	12	101.221998369191	1
Plate8	L	13	89.1234324834349	1
Plate8	L	14	58.4206252901349	1
Plate8	L	15	65.3096400310338	1
Plate8	L	16	70.7914991804037	1
Plate8	L	17	99.5797609621938	1
Plate8	L	18	93.9933307654602	1
Plate8	L	19	76.947758684977	1
Plate8	L	20	42.6436732342842	1
Plate8	L	21	43.1542758783326	1
Plate8	L	22	101.546567893845	1
Plate8	M	3	101.462582769386	1
Plate8	M	4	43.7149215184618	1
Plate8	M	5	58.4484368264675	1
Plate8	M	6	58.9482011864893	1
Plate8	M	7	100.903218706103	1
Plate8	M	8	71.4020711093099	1
Plate8	M	9	58.220047745388	1
Plate8	M	10	96.9221996896441	1
Plate8	M	11	97.6832101897397	1
Plate8	M	12	94.9861162045045	1
Plate8	M	13	78.3848728632407	1
Plate8	M	14	101.412923565833	1
Plate8	M	15	76.7312678787238	1
Plate8	M	16	43.3773523301352	1
Plate8	M	17	101.26587841132	1
Plate8	M	18	78.2308755204522	1
Plate8	M	19	99.2877482357714	1
Plate8	M	20	76.2451499158697	1
Plate8	M	21	98.5842220570538	1
Plate8	M	22	96.2185392006951	1
Plate8	N	3	58.6809591553174	1
Plate8	N	4	87.1829066644158	1
Plate8	N	5	73.0121934603765	1
Plate8	N	6	58.5050051740836	1
Plate8	N	7	71.98148059726	1
Plate8	N	8	101.540948099922	1
Plate8	N	9	43.4794486030005	1
Plate8	N	10	70.7404198258167	1
Plate8	N	11	71.3241948364191	1
Plate8	N	12	58.2754829933401	1
Plate8	N	13	57.948303676282	1
Plate8	N	14	54.3104057558092	1
Plate8	N	15	58.9765691617504	1
Plate8	N	16	73.6016528653381	1
Plate8	N	17	43.8946431970689	1
Plate8	N	18	77.1245662483463	1
Plate8	N	19	71.6230722423882	1
Plate8	N	20	101.258083654335	1
Plate8	N	21	71.8737906338973	1
Plate8	N	22	71.1326741653523	1
